<metadata>
	<idinfo>
		<citation>
			<citeinfo>
				<pubdate>June, 2010</pubdate>
				<geoform Sync="TRUE">vector digital data</geoform>
				<lworkcit>
					<citeinfo>
						<origin>Washington State Department of Natural Resources, Geology and Earth Resources Division</origin>
						<pubdate>Unpublished Material</pubdate>
						<title>Hazard Mitigation Grant Program Liquefaction Susceptibility and Site Class Maps of Washington State by County</title>
						<geoform>vector digital data</geoform>
						<othercit>This project is supported through a grant program funded by Washington State Military Department, Emergency Management Division and the Homeland Security Department, Federal Emergency Management Agency</othercit>
					</citeinfo>
				</lworkcit>
				<ftname Sync="TRUE">liquefaction_susceptibility</ftname><onlink>http://www.dnr.wa.gov/ResearchScience/Topics/GeosciencesData/Pages/gis_data.aspx</onlink><pubinfo><publish>Washington Division of Geology and Earth Resources</publish><pubplace>Olympia, Washington</pubplace></pubinfo><othercit>Palmer, Stephen P.; Magsino, Sammantha L.; Bilderback, Eric L.; Poelstra, James L.; Folger, Derek S.; Niggemann, Rebecca A., 2007, Liquefaction susceptibility and site class maps of Washington State, by county: Washington Division of Geology and Earth Resources Open File Report 2004-20,    [78 plates, 45 p. text].</othercit><origin>Stephen Palmer, Washington State Department of Natural Resources, Division of Geology and Earth Resources</origin><serinfo><sername>Open File Report</sername><issue>2004-20</issue></serinfo><edition>Version 2.0</edition><title Sync="TRUE">liquefaction_susceptibility</title></citeinfo>
		</citation>
		<descript>
			<abstract>These data contain polygons that provide information regarding the relative liquefaction potential for Washington State. This feature class is part of a geodatabase that contains statewide ground response data for Washington State.  Other feature classes are seismic_design_class_d, seismic_design_site_class, and seismic_site_class.

Liquefaction is a natural phenomenon in which saturated, sandy soils lose their strength and behave as liquid. Liquefaction is a caused by severe ground shaking during earthquake events. Polygons are classified as having 'very low' to 'high' relative liquefaction susceptibility. Areas underlain by bedrock or peat are mapped separately as these earth materials are not liquefiable, although peat deposits may be subject to permanent ground deformation caused by earthquake shaking and require site-specific analysis under the International Building Code.  Water and ice are also separately designated. 

Liquefaction susceptibility is assigned based on criteria described in: Palmer, Stephen P.; Magsino, Sammantha L.; Bilderback, Eric L.; Poelstra, James L.; Folger, Derek S.; Niggemann, Rebecca A., 2007, Liquefaction susceptibility and site class maps of Washington State, by county: Washington Division of Geology and Earth Resources Open File Report 2004-20, 78 plates, with 45 p. text. 
[http://www.dnr.wa.gov/ResearchScience/Topics/GeologyPublicationsLibrary/Pages/pub_ofr04-20.aspx]</abstract>
			<langdata Sync="TRUE">en</langdata><supplinf>A report and set of county maps derived from this dataset are available as a supplement to this GIS data. This report more fully explains the scientific methods used in producing these data and can be found at http://www.dnr.wa.gov/ResearchScience/Topics/GeologyPublicationsLibrary/Pages/pub_ofr04-20.aspx. </supplinf><purpose>The Washington State Department of Natural Resources, Division of Geology and Earth Resources received grant funding through the Hazard Mitigation Grant Program (HMGP) following the Nisqually earthquake of February 2001 (FEMA-1361-DRWA). This grant required the Division of Geology and Earth Resources to develop statewide liquefaction susceptibility and NEHRP (National Earthquake Hazards Reduction Program) site class maps. 

Regional earthquake hazard maps such as these support hazard mitigation, emergency planning and response, planning of local zoning ordinances, and building code enforcement. The primary reason for producing this series of earthquake hazard maps is to support revisions to the State Hazard Mitigation Plan required in the implementation of final rules 44CFR201.4 and 44CFR201.6. These Federal code regulations require both state and local agencies to describe the location and extent of earthquake hazards that affect their jurisdictions. Additionally, these maps will serve a great variety of end-users that are crucial partners in earthquake hazard mitigation.</purpose></descript>
		<timeperd>
			<timeinfo>
				<sngdate>
					<caldate>June, 2010</caldate>
				</sngdate>
			</timeinfo>
			<current>publication date</current>
		</timeperd>
		<status>
			<progress>Complete</progress>
			<update>Irregular</update>
		</status>
		<spdom>
			<bounding>
				<westbc Sync="TRUE">-124.930116</westbc>
				<eastbc Sync="TRUE">-116.708447</eastbc>
				<northbc Sync="TRUE">49.050071</northbc>
				<southbc Sync="TRUE">45.481022</southbc>
			</bounding>
			<lboundng><leftbc Sync="TRUE">575944.612193</leftbc><rightbc Sync="TRUE">2551197.659383</rightbc><bottombc Sync="TRUE">81876.877377</bottombc><topbc Sync="TRUE">1355862.218836</topbc></lboundng><dsgpoly><dsgpolyx><grngpoin/></dsgpolyx></dsgpoly></spdom>
		<keywords>
			<place>
				<placekt>USGS Geographic Names Information System (GNIS) http://geonames.usgs.gov/</placekt><placekey>USA</placekey><placekey>Washington State</placekey></place>
			<theme><themekt>Jackson, Julia A. (ed.), Mehl, James P., Jr. (ed.), Neuendorf, Klaus K. E. (ed.), 2005, Glossary of Geology; 5th ed.: American Geological Institute, 779 p.</themekt><themekey>amplification</themekey><themekey>liquefaction</themekey><themekey>ground failure</themekey><themekey>relative earthquake hazard</themekey><themekey>hazards</themekey><themekey>landslide</themekey><themekey>pore pressure</themekey></theme></keywords>
		<useconst>The Washington Division of Geology and Earth Resources (DGER) shall not be held liable for improper or incorrect use of the data described and/or contained herein.  This product is provided 'as is' without warranty of any kind, either expressed or implied, including, but not limited to, the implied warranties of merchantability and fitness for a particular use. The Washington State Department of Natural Resources and the authors of this product will not be liable to the user of this product for any activity involving the product with respect to the following: (a) lost profits, lost savings, or any other consequential damages; (b) the fitness of the product for a particular purpose; or (c) use of the product or results obtained from use of the product. Although these data have been processed successfully on computers of DGER, no warranty, expressed or implied, is made by DGER regarding the use of these data on any other system, nor does the fact of distribution constitute or imply any such warranty. Appropriate use of these map data is the responsibility of each user. 

- Users must acknowledge the originators when using the data set as a source.
- Data should not be used beyond the limits of the source scale.
- The data set is not a survey document and should not be utilized as such.

This map is meant only as a general guide to delineate areas prone to liquefaction. It is not a substitute for site-specific investigation to assess the potential for liquefaction for any development project. Because the data used in the liquefaction susceptibility assessment have been subdivided on the basis of regional geologic mapping, this map cannot be used to determine the presence or absence of liquefiable soils beneath any specific locality. This determination requires a site-specific geotechnical investigation performed by a qualified practitioner.</useconst>
		<ptcontac>
			<cntinfo>
				<cntaddr>
					<addrtype>mailing address</addrtype>
					<city>Olympia</city>
					<state>WA</state>
					<postal>98504-7007</postal>
					<address>PO Box 47007</address></cntaddr>
				<cntvoice>360-902-1450</cntvoice>
				<cntfax>360-902-1785</cntfax>
				<cntorgp><cntorg>Washington State Department of Natural Resources, Geology and Earth Resources Division</cntorg></cntorgp><cntemail>geology@dnr.wa.gov</cntemail></cntinfo>
		</ptcontac>
		<native Sync="TRUE">Microsoft Windows 2000 Version 5.2 (Build 3790) Service Pack 2; ESRI ArcCatalog 9.3.1.3500</native>
		<natvform Sync="TRUE">File Geodatabase Feature Class</natvform><datacred>Stephen P. Palmer, Sammantha L. Magsino, James L. Poelstra, Eric L. Bilderback, Derek S. Folger, and Rebecca A. Niggemann of the Washington State Department of Natural Resources, Geology and Earth Resources Division</datacred><accconst>None</accconst></idinfo>
	<dataqual>
		<lineage>
			<srcinfo>
				<srccite>
					<citeinfo>
						<origin>Washington Division of Geology and Earth Resources</origin>
						<title>Digital geologic maps of the 1:100,000 quadrangles of Washington</title>
						<pubdate>June, 2003</pubdate><edition>Version 1.0</edition><geoform>vector digital data</geoform><serinfo><sername>Digital Report </sername><issue>2</issue></serinfo><pubinfo><pubplace>Olympia, Washington</pubplace><publish>Washington Division of Geology and Earth Resources</publish></pubinfo></citeinfo>
				</srccite>
				<srcscale>1:100000</srcscale>
				<typesrc>CD-ROM</typesrc>
				<srccontr>Geologic Map Quadrangles of Washington State 1:100000 scale</srccontr>
				<srctime><timeinfo><sngdate><caldate>June, 2004</caldate></sngdate></timeinfo><srccurr>publication date</srccurr></srctime></srcinfo>
			<procstep><proccont><cntinfo><cntorgp><cntorg>Washington State Department of Natural Resources, Division of Geology and Earth Resources</cntorg></cntorgp><cntaddr><addrtype>mailing address</addrtype><address>PO Box 47007</address><city>Olympia</city><state>Washington</state><postal>98504-7007</postal></cntaddr><cntvoice>360-902-1450</cntvoice><cntfax>360-902-1785</cntfax><cntemail>geology@dnr.wa.gov</cntemail></cntinfo></proccont><procdesc>This map is based solely on surficial geology published at a scale of 1:100,000 by the Washington State Department of Natural Resources, Division of Geology and Earth Resources (Washington Division of Geology and Earth Resources staff, 2001) for most of the state. Detailed maps have been incorporated into the liquefaction susceptibility maps for portions of King, Pierce, and Thurston Counties.  Additionally, a detailed liquefaction susceptibility map was developed for Clark County using 1:24,000-scale geologic mapping and based on the analysis of a large database of geotechnical borings and incorporation of a shallow groundwater model.  Each polygon was assigned a liquefaction susceptibility code and then dissolved on that code. The assigned susceptibility is a result of a complex process that took into account the measure of physical characteristics of a soil deposit, such as grain and texture, compaction, and depth of groundwater, that determine the propensity of the soil to liquefy during earthquake shaking.  For a detailed description of this process (both nontechnical and technical) see the sections titled "Development of Liquefaction Susceptibility and Site Class Maps for Washington State and "Liquefaction Susceptibility Map Methodology" in the document Liquefaction Susceptibility and Site Class Maps of Washington State, By County in the document ofr04-20.pdf located at the following site:
http://www.dnr.wa.gov/ResearchScience/Topics/GeologyPublicationsLibrary/Pages/pub_ofr04-20.aspx

Version History

Version 2.0 (June, 2010):
This dataset was migrated from a shapefile to a feature class within a geodatabase.Feature class names and attribute names were changed, and metadata for the entire dataset was updated. 
	
Version 1.0 (October, 2008)
Original data in shapefile format.</procdesc></procstep></lineage>
		<attracc><attraccr>This map is meant only as a general guide to delineate areas prone to liquefaction.  Because the data used in the liquefaction susceptibility assessment have been sub-divided on the basis of regional geologic mapping, this map cannot be used to determine the presence or absence of liquefiable soils beneath any specific locality. This determination requires a site-specific geotechnical investigation performed by a qualified practitioner.</attraccr></attracc><posacc><horizpa><horizpar>A factor affecting map accuracy is the placement of contacts on the original geological mapping. Accuracy of these geologic contacts is influenced by a number of factors that include:
- determination of geologic units and criteria used during field mapping,
- correct identification of the geologic units,
- accurate location of geologic contacts that can be observed and mapped in the field,
- uncertainty in mapping of gradational contacts, and
- inference of contact locations where they cannot be observed and mapped.

Quantification of this source of map inaccuracy is difficult, if not impossible. For the purpose of this study the location of geologic contacts have been accepted at face value from their original sources and used as the basis for delineating areas of different liquefaction susceptibility. This hazard map is not intended to replace a site-specific investigation needed to determine if a particular locality is underlain by liquefiable soils. Therefore, it is strongly recommended that users of this map consider some level of site-specific investigation commensurate with their concern with mitigating the impact of earthquake-induced liquefaction.</horizpar></horizpa><vertacc/></posacc><logic>All polygons close. No duplicate features exist in the theme. Arc-node and polygon topology is maintained by ESRI ArcGIS software and is error free with respect to that software.</logic><complete>The completeness of the data reflects the content of the field work and the sources. Data is complete for the State of Washington.</complete></dataqual>
	<spdoinfo>
		<direct Sync="TRUE">Vector</direct>
		<ptvctinf><esriterm Name="EQ_Liquefact_kingco"><efeatyp Sync="TRUE">Simple</efeatyp><efeageom code="4" Sync="TRUE"></efeageom><esritopo Sync="TRUE">FALSE</esritopo><efeacnt Sync="TRUE">10</efeacnt><spindex Sync="TRUE">TRUE</spindex><linrefer Sync="TRUE">FALSE</linrefer></esriterm></ptvctinf></spdoinfo>
	<spref>
		<horizsys>
			<planar>
				<planci>
					<plance Sync="TRUE">coordinate pair</plance>
					<coordrep>
						<absres Sync="TRUE">0.000328</absres>
						<ordres Sync="TRUE">0.000328</ordres>
					</coordrep>
					<plandu Sync="TRUE">survey feet</plandu>
				</planci>
			</planar>
			<geodetic>
				<horizdn Sync="TRUE">D_North_American_1983_HARN</horizdn>
				<ellips Sync="TRUE">Geodetic Reference System 80</ellips>
				<semiaxis Sync="TRUE">6378137.000000</semiaxis>
				<denflat Sync="TRUE">298.257222</denflat>
			</geodetic>
			<cordsysn><geogcsn Sync="TRUE">GCS_North_American_1983_HARN</geogcsn><projcsn Sync="TRUE">NAD_1983_HARN_StatePlane_Washington_South_FIPS_4602_Feet</projcsn></cordsysn></horizsys>
	</spref>
	<eainfo>
		<detailed Name="EQ_Liquefact_kingco">
			<enttyp>
				<enttypl Sync="TRUE">EQ_Liquefact_kingco</enttypl>
				<enttypt Sync="TRUE">Feature Class</enttypt><enttypc Sync="TRUE">10</enttypc><enttypd>This data set identifies the relative liquefaction potential for approximately 34,000 polygons from the geologic map of Washington. </enttypd><enttypds>Washington Division of Geology and Earth Resources</enttypds></enttyp>
			<attr><attrlabl Sync="TRUE">FID</attrlabl><attalias Sync="TRUE">FID</attalias><attrtype Sync="TRUE">OID</attrtype><attwidth Sync="TRUE">4</attwidth><atprecis Sync="TRUE">0</atprecis><attscale Sync="TRUE">0</attscale><attrdef Sync="TRUE">Internal feature number.</attrdef><attrdefs Sync="TRUE">Esri</attrdefs><attrdomv><udom Sync="TRUE">Sequential unique whole numbers that are automatically generated.</udom></attrdomv></attr><attr>
				<attrlabl Sync="TRUE">Shape</attrlabl>
				<attrdef Sync="TRUE">Feature geometry.</attrdef>
				<attrdefs Sync="TRUE">ESRI</attrdefs>
				<attrdomv>
					<udom>Coordinates defining the features</udom>
				</attrdomv>
				<attalias Sync="TRUE">Shape</attalias><attrtype Sync="TRUE">Geometry</attrtype><attwidth Sync="TRUE">0</attwidth><atprecis Sync="TRUE">0</atprecis><attscale Sync="TRUE">0</attscale><begdatea>20031002</begdatea><enddatea>20040921</enddatea></attr>
			<attr><attrlabl Sync="TRUE">LIQUEFACTI</attrlabl><attalias Sync="TRUE">LIQUEFACTI</attalias><attrtype Sync="TRUE">String</attrtype><attwidth Sync="TRUE">18</attwidth><atprecis Sync="TRUE">0</atprecis><attscale Sync="TRUE">0</attscale></attr><attr><attrlabl Sync="TRUE">Shape_Area</attrlabl><attalias Sync="TRUE">Shape_Area</attalias><attrtype Sync="TRUE">Double</attrtype><attwidth Sync="TRUE">19</attwidth><atprecis Sync="TRUE">0</atprecis><attscale Sync="TRUE">0</attscale><attrdef Sync="TRUE">Area of feature in internal units squared.</attrdef><attrdefs Sync="TRUE">ESRI</attrdefs><attrdomv><udom Sync="TRUE">Positive real numbers that are automatically generated.</udom></attrdomv></attr><attr><attrlabl Sync="TRUE">lookup_val</attrlabl><attalias Sync="TRUE">lookup_val</attalias><attrtype Sync="TRUE">String</attrtype><attwidth Sync="TRUE">50</attwidth><atprecis Sync="TRUE">0</atprecis><attscale Sync="TRUE">0</attscale></attr><attr><attrlabl Sync="TRUE">Shape_Leng</attrlabl><attalias Sync="TRUE">Shape_Leng</attalias><attrtype Sync="TRUE">Double</attrtype><attwidth Sync="TRUE">19</attwidth><atprecis Sync="TRUE">0</atprecis><attscale Sync="TRUE">0</attscale></attr><attr><attrlabl Sync="TRUE">Rank</attrlabl><attalias Sync="TRUE">Rank</attalias><attrtype Sync="TRUE">SmallInteger</attrtype><attwidth Sync="TRUE">5</attwidth><atprecis Sync="TRUE">5</atprecis><attscale Sync="TRUE">0</attscale></attr></detailed>
		<overview><dsoverv>This dataset contains information relating to liquefaction susceptibility of mapped geologic units within Washington State.  There are attributes describing the liquefaction susceptility in terms of high, medium, and low levels, and special categories such as water, ice and peat.</dsoverv><eaover>The liquefaction susceptibility rating identifies the relative liquefaction potential for approximately 34,000 polygons from the geologic map of Washington State.  Igneous and metamorphic rock are assumed to have no liquefaction potential and are designated as "bedrock". Water and ice are so designated and peat, which requires site-specific analysis in the International Building Code, is also separately designated. All other polygons are classified as having very low- to- high susceptibility rating, as described in Open-File Report 2004-20.</eaover><eadetcit>Palmer, S. P.; Magsino, S. L.; Bilderback, E. L.; Poelstra, J. L.;Folger, D. S.; and Niggemann, R. A., 2004, Liquefaction susceptibility and site class maps of Washington State, by county: Washington Division of Geology and Earth Resources Open-file Report 2004-20, 78 sheets, with 45 p. text. Accessed at http://www.dnr.wa.gov/geology/pubs/ofr04-20.pdf</eadetcit></overview></eainfo>
	<distinfo>
		<distliab>This digital data and metadata, (hereinafter collectively referred to as the "information"), are provided on an "AS IS", "AS AVAILABLE" and "WITH ALL FAULTS" basis. Neither Department of Natural Resources nor any of its officials and employees makes any warranty of any kind for this information, express or implied, including but not limited to any warranties of merchantability or fitness for a particular purpose, nor shall the distribution of this information constitute any warranty. 

The information is collected from various sources and will change over time without notice. DNR and its officials and employees assume no responsibility or legal liability for the accuracy, completeness, reliability, timeliness, or usefulness of any of the information provided nor do they represent that the use of any of the information will not infringe privately owned rights. 

The information is not intended to constitute advice nor is it to be used as a substitute for specific advice from a licensed professional. You should not act (or refrain from acting) based upon the information without independently verifying the information and, as necessary, obtaining professional advice regarding your particular facts and circumstances. 

References to any specific commercial product, process, and service by trade name, trademark, or manufacturer do not constitute or imply endorsement, recommendation, or favoring by DNR and its officials and employees. 

IN NO EVENT WILL DNR BE LIABLE TO YOU OR ANY THIRD PARTY FOR ANY DAMAGES ARISING OUT OF THE USE OF OR INABILITY TO USE THE DIGITAL DATA, EVEN IF DNR IS ADVISED OF THE POSSIBILITY OF SUCH DAMAGES.</distliab>
		<stdorder>
			<digform>
				<digtinfo>
					<transize>---</transize>
					<dssize>---</dssize></digtinfo>
				<digtopt><offoptn><offmedia>NONE</offmedia></offoptn></digtopt></digform>
			<ordering>Available for download from: http://www.dnr.wa.gov/ResearchScience/Topics/GeosciencesData/Pages/gis_data.aspx</ordering><fees>none</fees></stdorder>
		<custom>None</custom>
		<availabl>
			<timeinfo>
				<sngdate/></timeinfo>
		</availabl>
		<distrib><cntinfo><cntvoice>360-902-1450</cntvoice><cntfax>360-902-1785</cntfax><cntemail>geology@dnr.wa.gov</cntemail><cntaddr><addrtype>mailing address</addrtype><address>PO Box 47007</address><city>Olympia</city><state>WA</state><postal>98504-7007</postal></cntaddr><cntorgp><cntorg>Washington State Department of Natural Resources, Geology and Earth Resources Division</cntorg></cntorgp></cntinfo></distrib><resdesc Sync="TRUE">Downloadable Data</resdesc></distinfo>
	<metainfo>
		<metd Sync="TRUE">20100901</metd>
		<metc>
			<cntinfo>
				<cntaddr>
					<addrtype>mailing address</addrtype>
					<city>Olympia</city>
					<state>Washington</state>
					<postal>98504-7007</postal>
					<address>PO Box 47007</address></cntaddr>
				<cntvoice>360-902-1450</cntvoice>
				<cntfax>360-902-1785</cntfax>
				<cntemail>geology@dnr.wa.gov</cntemail>
				<cntorgp><cntorg>Washington State Department of Natural Resources, Geology and Earth Resources Division</cntorg></cntorgp></cntinfo>
		</metc>
		<metstdn Sync="TRUE">FGDC Content Standards for Digital Geospatial Metadata</metstdn>
		<metstdv Sync="TRUE">FGDC-STD-001-1998</metstdv>
		<mettc Sync="TRUE">local time</mettc>
		<langmeta Sync="TRUE">en</langmeta><metac>None.</metac><metuc>The Washington Division of Geology and Earth Resources (DGER) shall not be held liable for improper or incorrect use of the data described and/or contained herein.  This product is provided 'as is' without warranty of any kind, either expressed or implied, including, but not limited to, the implied warranties of merchantability and fitness for a particular use. The Washington State Department of Natural Resources and the authors of this product will not be liable to the user of this product for any activity involving the product with respect to the following: (a) lost profits, lost savings, or any other consequential damages; (b) the fitness of the product for a particular purpose; or (c) use of the product or results obtained from use of the product. Although these data have been processed successfully on computers of DGER, no warranty, expressed or implied, is made by DGER regarding the use of these data on any other system, nor does the fact of distribution constitute or imply any such warranty.</metuc></metainfo>
	<Esri><CreaDate>20100820</CreaDate><CreaTime>08475100</CreaTime><SyncOnce>FALSE</SyncOnce><SyncDate>20160929</SyncDate><SyncTime>14311200</SyncTime><ModDate>20160929</ModDate><ModTime>14311200</ModTime><MetaID>{8BB2BDCA-42F1-445F-8471-51479B06D045}</MetaID><DataProperties><itemProps><itemName Sync="TRUE">EQ_Liquefact_kingco</itemName><imsContentType Sync="TRUE">002</imsContentType><itemLocation><linkage Sync="TRUE">file://\\CARSONVM\C$\Users\Carson\Desktop\SeattleReady\Processed\Data_Snugget\9_24\EQ_Liquefact_kingco.shp</linkage><protocol Sync="TRUE">Local Area Network</protocol></itemLocation><nativeExtBox><westBL Sync="TRUE">370898.890300</westBL><eastBL Sync="TRUE">482544.513600</eastBL><southBL Sync="TRUE">9591.308200</southBL><northBL Sync="TRUE">87733.018600</northBL><exTypeCode Sync="TRUE">1</exTypeCode></nativeExtBox><itemSize Sync="TRUE">5.114</itemSize></itemProps><coordRef><type Sync="TRUE">Projected</type><geogcsn Sync="TRUE">GCS_North_American_1983</geogcsn><csUnits Sync="TRUE">Linear Unit: Meter (1.000000)</csUnits><projcsn Sync="TRUE">NAD_1983_StatePlane_Washington_North_FIPS_4601</projcsn><peXml Sync="TRUE">&lt;ProjectedCoordinateSystem xsi:type='typens:ProjectedCoordinateSystem' xmlns:xsi='http://www.w3.org/2001/XMLSchema-instance' xmlns:xs='http://www.w3.org/2001/XMLSchema' xmlns:typens='http://www.esri.com/schemas/ArcGIS/10.3'&gt;&lt;WKT&gt;PROJCS[&amp;quot;NAD_1983_StatePlane_Washington_North_FIPS_4601&amp;quot;,GEOGCS[&amp;quot;GCS_North_American_1983&amp;quot;,DATUM[&amp;quot;D_North_American_1983&amp;quot;,SPHEROID[&amp;quot;GRS_1980&amp;quot;,6378137.0,298.257222101]],PRIMEM[&amp;quot;Greenwich&amp;quot;,0.0],UNIT[&amp;quot;Degree&amp;quot;,0.0174532925199433]],PROJECTION[&amp;quot;Lambert_Conformal_Conic&amp;quot;],PARAMETER[&amp;quot;False_Easting&amp;quot;,500000.0],PARAMETER[&amp;quot;False_Northing&amp;quot;,0.0],PARAMETER[&amp;quot;Central_Meridian&amp;quot;,-120.8333333333333],PARAMETER[&amp;quot;Standard_Parallel_1&amp;quot;,47.5],PARAMETER[&amp;quot;Standard_Parallel_2&amp;quot;,48.73333333333333],PARAMETER[&amp;quot;Latitude_Of_Origin&amp;quot;,47.0],UNIT[&amp;quot;Meter&amp;quot;,1.0],AUTHORITY[&amp;quot;EPSG&amp;quot;,32148]]&lt;/WKT&gt;&lt;XOrigin&gt;-35693500&lt;/XOrigin&gt;&lt;YOrigin&gt;-30339800&lt;/YOrigin&gt;&lt;XYScale&gt;124431172.0991475&lt;/XYScale&gt;&lt;ZOrigin&gt;-100000&lt;/ZOrigin&gt;&lt;ZScale&gt;10000&lt;/ZScale&gt;&lt;MOrigin&gt;-100000&lt;/MOrigin&gt;&lt;MScale&gt;10000&lt;/MScale&gt;&lt;XYTolerance&gt;0.001&lt;/XYTolerance&gt;&lt;ZTolerance&gt;0.001&lt;/ZTolerance&gt;&lt;MTolerance&gt;0.001&lt;/MTolerance&gt;&lt;HighPrecision&gt;true&lt;/HighPrecision&gt;&lt;WKID&gt;32148&lt;/WKID&gt;&lt;LatestWKID&gt;32148&lt;/LatestWKID&gt;&lt;/ProjectedCoordinateSystem&gt;</peXml></coordRef><lineage><Process ToolSource="c:\program files (x86)\arcgis\desktop10.3\ArcToolbox\Toolboxes\Analysis Tools.tbx\Clip" Date="20160921" Time="155530">Clip "DNR_Liquefaction Susceptibility" kingco C:\Users\Carson\Desktop\SeattleReady\Processed\EQ\Earthquake.gdb\Most_like\DNR_Liqfct_clip #</Process><Process ToolSource="c:\program files (x86)\arcgis\desktop10.3\ArcToolbox\Toolboxes\Data Management Tools.tbx\Dissolve" Date="20160921" Time="160849">Dissolve DNR_Liqfct_clip C:\Users\Carson\Desktop\SeattleReady\Processed\EQ\Earthquake.gdb\Most_like\DNR_Liqfct_dissolve LIQUEFACTION_SUSCEPT # MULTI_PART DISSOLVE_LINES</Process><Process ToolSource="c:\program files (x86)\arcgis\desktop10.3\ArcToolbox\Toolboxes\Conversion Tools.tbx\FeatureClassToFeatureClass" Date="20160921" Time="162016">FeatureClassToFeatureClass C:\Users\Carson\Desktop\SeattleReady\Processed\EQ\Earthquake.gdb\Most_like\DNR_Liqfct_dissolve C:\Users\Carson\Desktop\SeattleReady\Processed\EQ\Earthquake.gdb\Final Liquefact_kingco # "LIQUEFACTION_SUSCEPT "Liquefaction Susceptibility" true true false 18 Text 0 0 ,First,#,C:\Users\Carson\Desktop\SeattleReady\Processed\EQ\Earthquake.gdb\Most_like\DNR_Liqfct_dissolve,LIQUEFACTION_SUSCEPT,-1,-1;Shape_Length "Shape_Length" false true true 8 Double 0 0 ,First,#,C:\Users\Carson\Desktop\SeattleReady\Processed\EQ\Earthquake.gdb\Most_like\DNR_Liqfct_dissolve,Shape_Length,-1,-1;Shape_Area "Shape_Area" false true true 8 Double 0 0 ,First,#,C:\Users\Carson\Desktop\SeattleReady\Processed\EQ\Earthquake.gdb\Most_like\DNR_Liqfct_dissolve,Shape_Area,-1,-1;lookup_val "lookup_val" true true false 50 Text 0 0 ,First,#,C:\Users\Carson\Desktop\SeattleReady\Processed\EQ\Earthquake.gdb\Most_like\DNR_Liqfct_dissolve,lookup_val,-1,-1;Rank "Rank" true true false 2 Short 0 0 ,First,#,C:\Users\Carson\Desktop\SeattleReady\Processed\EQ\Earthquake.gdb\Most_like\DNR_Liqfct_dissolve,Rank,-1,-1" #</Process><Process ToolSource="c:\program files (x86)\arcgis\desktop10.3\ArcToolbox\Toolboxes\Data Management Tools.tbx\CopyFeatures" Date="20160924" Time="160055">CopyFeatures C:\Users\Carson\Desktop\SeattleReady\Processed\EQ\Earthquake.gdb\Final\Liquefact_kingco C:\Users\Carson\Desktop\SeattleReady\Processed\Data_Snugget\9_24\Liquefact_kingco.shp # 0 0 0</Process></lineage></DataProperties></Esri><dataIdInfo><envirDesc Sync="TRUE">Microsoft Windows 7 Version 6.1 (Build 7601) Service Pack 1; Esri ArcGIS 10.3.0.4322</envirDesc><dataLang><languageCode Sync="TRUE" value="eng"></languageCode><countryCode value="USA" Sync="TRUE"></countryCode></dataLang><idCitation><resTitle Sync="TRUE">EQ_Liquefact_kingco</resTitle><presForm><PresFormCd Sync="TRUE" value="005"></PresFormCd></presForm></idCitation><spatRpType><SpatRepTypCd Sync="TRUE" value="001"></SpatRepTypCd></spatRpType><dataExt><geoEle><GeoBndBox esriExtentType="native"><westBL Sync="TRUE">575944.612193</westBL><eastBL Sync="TRUE">2551197.659383</eastBL><northBL Sync="TRUE">1355862.218836</northBL><southBL Sync="TRUE">81876.877377</southBL><exTypeCode Sync="TRUE">1</exTypeCode></GeoBndBox></geoEle></dataExt><geoBox esriExtentType="decdegrees"><westBL Sync="TRUE">-124.930116</westBL><eastBL Sync="TRUE">-116.708447</eastBL><northBL Sync="TRUE">49.050071</northBL><southBL Sync="TRUE">45.481022</southBL><exTypeCode Sync="TRUE">1</exTypeCode></geoBox><dataExt><geoEle><GeoBndBox esriExtentType="search"><exTypeCode Sync="TRUE">1</exTypeCode><westBL Sync="TRUE">-122.556096</westBL><eastBL Sync="TRUE">-121.063188</eastBL><northBL Sync="TRUE">47.788858</northBL><southBL Sync="TRUE">47.073441</southBL></GeoBndBox></geoEle></dataExt></dataIdInfo><mdLang><languageCode Sync="TRUE" value="eng"></languageCode><countryCode value="USA" Sync="TRUE"></countryCode></mdLang><mdStanName Sync="TRUE">ISO 19115 Geographic Information - Metadata</mdStanName><mdStanVer Sync="TRUE">DIS_ESRI1.0</mdStanVer><mdChar><CharSetCd Sync="TRUE" value="004"></CharSetCd></mdChar><mdHrLv><ScopeCd Sync="TRUE" value="005"></ScopeCd></mdHrLv><mdHrLvName Sync="TRUE">dataset</mdHrLvName><distInfo><distributor><distorTran><onLineSrc><orDesc Sync="TRUE">002</orDesc><linkage Sync="TRUE">file://\\DNRFSOLY01\GER_Data\data\hazard_geology\ground_response\ground_response.gdb</linkage><protocol Sync="TRUE">Local Area Network</protocol></onLineSrc><transSize Sync="TRUE">65.887</transSize></distorTran><distorFormat><formatName Sync="TRUE">File Geodatabase Feature Class</formatName></distorFormat></distributor><distFormat><formatName Sync="TRUE">Shapefile</formatName></distFormat><distTranOps><transSize Sync="TRUE">5.114</transSize></distTranOps></distInfo><refSysInfo><RefSystem><refSysID><identCode Sync="TRUE" code="32148">NAD_1983_HARN_StatePlane_Washington_South_FIPS_4602_Feet</identCode><idCodeSpace Sync="TRUE">EPSG</idCodeSpace><idVersion Sync="TRUE">8.2.6</idVersion></refSysID></RefSystem></refSysInfo><spatRepInfo><VectSpatRep><geometObjs Name="EQ_Liquefact_kingco"><geoObjTyp><GeoObjTypCd value="002" Sync="TRUE"></GeoObjTypCd></geoObjTyp><geoObjCnt Sync="TRUE">10</geoObjCnt></geometObjs><topLvl><TopoLevCd value="001" Sync="TRUE"></TopoLevCd></topLvl></VectSpatRep></spatRepInfo><mdDateSt Sync="TRUE">20160929</mdDateSt></metadata>
