<?xml version="1.0" encoding="UTF-8"?>
<metadata xml:lang="en">
	<idinfo>
		<citation>
			<citeinfo>
				<origin>Carly E Gibson, Graduate Student/University of Idaho, Department of Forest Resources</origin>
				<pubdate>June 1, 2005</pubdate>
				<title>Fire History Polygons for Northern Rockies - 1889 - 2003</title>
				<edition>first</edition>
				<geoform Sync="TRUE">vector digital data</geoform>
				<othercit>This coverage was developed from data provided by one or more of the following in fall 2004: Brett Davis, GIS Analyst; RMRS Aldo Leopold Wilderness Research Institute; Jim Fears, GIS Coordinator, Bitterroot National Forest;  Carey Christ, Fuels GIS, Boise National Forest;  Ed Lozar, GIS, Clearwater National Forest; Vangie Wolfe, GIS, Flathead National Forest; Lonnie Newton, AFMO, Idaho Panhandle National Forest; Dan Rose,  Fire and Fuels Planner, Kootenai National Forest; John Anderson, GIS Coordinator, Lolo National Forest; Dave Green,  GIS, Nez Perce National Forest; Mickey Pillars, Fire GIS, Payette National FOrest; Henry Logsdon, GIS Coordinator, Salmon-Challis National Forest; Judy Warick, Fire GIS, Caribou-Targhee National Forest; Jill Kuenzi, GIS, Sawtooth National Forest;  Richard Menicke, GIS Coordinator, Glacier National Park; Jim Napoli, GIS, Yellowstone National Park.</othercit>
				<onlink>http://www.fs.fed.us/r1/gis/thematic_data/fire_history_nrocky_1889_2003.zip</onlink>
				<ftname Sync="TRUE">FSSDE_fire_history_nrocky_1889_2003</ftname></citeinfo>
		</citation>
		<descript>
			<abstract>This coverage includes fire perimeters recorded in polygon coverages acquired from National Parks and National Forests described in 'citation'.</abstract>
			<purpose>This data set was developed to compile all digitally documented fire perimeters on federal lands located in the northern Rocky Mountain region to identify regional fire years and assess the relationship between those years and various climate indicies.</purpose>
			<langdata Sync="TRUE">en</langdata></descript>
		<timeperd>
			<timeinfo>
				<rngdates>
					<begdate>1889</begdate>
					<begtime>unknown</begtime>
					<enddate>2003</enddate>
					<endtime>unknown</endtime>
				</rngdates>
			</timeinfo>
			<current>Up to fire year 2003</current>
		</timeperd>
		<status>
			<progress>In work</progress>
			<update>Continually</update>
		</status>
		<spdom>
			<bounding>
				<westbc Sync="TRUE">-117.905081</westbc>
				<eastbc Sync="TRUE">-109.466585</eastbc>
				<northbc Sync="TRUE">49.258000</northbc>
				<southbc Sync="TRUE">41.705877</southbc>
			</bounding>
			<lboundng><leftbc Sync="TRUE">-14589.106445</leftbc><rightbc Sync="TRUE">602433.937500</rightbc><bottombc Sync="TRUE">-225342.828125</bottombc><topbc Sync="TRUE">584374.020798</topbc></lboundng></spdom>
		<keywords>
			<theme>
				<themekt>REQUIRED: Reference to a formally registered thesaurus or a boundary</themekt>
				<themekey>fire, firy history, fire perimeter</themekey>
				<themekey>Wild and Prescribed Fire and Fuels</themekey></theme>
			<place>
				<placekey>northern Rocky Mountain region, Idaho, west Montana, NE Wyoming</placekey>
			</place>
		</keywords>
		<accconst>This data set was produced using Joint Fire Science funds and is available upon request.  </accconst>
		<useconst>This data set was generated from a diverse collection of USFS and NPS coverages of unknown spatial and temporal accuracy.  This data set is provided 'as is' without guarantees in terms of quality or accuracy.  Future users are expected to take responsability for the assumed precision and appropriatness of this data set for any and all application.  Under no circumstances shall the creator be assumen liable for any damages resulting from the use or incapacity to use this data set.  Users will assume all responsability for determining the appropriateness of these data to their needs.</useconst>
		<ptcontac>
			<cntinfo>
				<cntperp>
					<cntper>Carly E Gibson (Dr. Penny Morgan)</cntper>
					<cntorg>University of Idaho, College of Natural Resources, Department of Forest Resources</cntorg>
				</cntperp>
				<cntpos>Graduate Student (Advisor)</cntpos>
				<cntaddr>
					<addrtype>mailing address</addrtype>
					<address>P.O. Box 441133</address>
					<city>Moscow</city>
					<state>Idaho</state>
					<postal>83844-1133</postal>
					<country>USA</country>
				</cntaddr>
				<cntemail>gibs0636@uidaho.edu</cntemail>
				<cntinst>If Carly Gibson is unavailable, please contact her advisor Dr. Penny Morgan.  These data will likely be stored at the University of Idaho, College of Natural Resources, Remote Sensing Laboratory after spring 2006.  </cntinst>
			</cntinfo>
		</ptcontac>
		<native Sync="TRUE">Microsoft Windows 2000 Version 5.0 (Build 2195) Service Pack 4; ESRI ArcCatalog 9.2.0.1324</native>
		<natvform Sync="TRUE">Shapefile</natvform></idinfo>
	<dataqual>
		<attracc>
			<attraccr>Attribute information is as acurate as possible considering the available data used to create this coverage.  Human errors in mapping and digitizing fire perimeters, and/or process steps taken to create this coverage possibly contributes to data set inaccuracies.  </attraccr>
			<qattracc>
				<attraccv>atlas_source</attraccv>
				<attracce>Considered entirely accurate.</attracce>
			</qattracc>
			<qattracc>
				<attraccv>fire_year</attraccv>
				<attracce>Human error likely results in variable annually accuracy.  This may be especially true for fire perimeter generated from aerial photo stand age interpretation (pre-1930s in most cases).</attracce>
			</qattracc>
		</attracc>
		<logic>
Data acqiured from various sources were inconsistent in projection, attribution, temporal representation, scale, physical location, form of GIS, and completedness.  Frequently single fires were represented by multiple sources and as conflicting perimeters.  See 'process step' for methods used to resolve conflicting data.

Visual inspection of topology and attributes, comparison to original source data, and REGIONCLEAN command in ArcINFO were used to confirm topological intergity of the final coverage.  
</logic>
		<complete>
This data set is as complete as the source data which it is based on.  For each source land management agency, temporal variation is as follows:  

Bitterroot National Forest                                  1889 - 2003  
Boise National Forest                                        2000 - 2003
Caribou-Targhee National Forest                      1988, 1994, 2000, 2002
Clearwater National Forest                                1889 - 2003
Flathead National Forest                                   1984 - 2003 
Idaho Panhandle National Forest                      1889 - 1987
Kootenai National Forest                                   1911 - 2003
Lolo National Forest                                          1889 - 2003
Nez Perce National Forest                                1889 - 2003
Payette National Forest                                     1944 - 2003
Salmon-Challis National Forest                           1889 - 2003
Sawtooth National Forest                                   1953 - 2003
Glacier National Park                                          1973 - 2003
Yellowstone National Park                                  1889 - 2003
Frank Church Area Fire Atlas                              1889 - 2003

The intention of illustrating temporal range of source data is not intended as an implication that all fires occuring on these lands are detected and mapped.  Several factors may explain perimeters incorporated in this record (e.g. fire perimeter was easily mapped from an aerial vantage point, fire occurred in an area of management interest, etc.), as well as exclusion from this record (e.g. undetected fires in remote locations, limited resources, etc.).  Similarly, minimum mapping unit varies by source and, in most cases, did not exceed 100 acres (see Frank Church Area Fires for more information).  Likewise, minimum mapping units have changed through time and are currently less than 50 acres for all sources.

Since I have visually checked each polygon represented in this fire history coverage, I feel consistency of mapped perimeters has improved with time.  This may be especially true for post-1988 fire perimeters, as the number of fires repersented annually in source data increased and the detail in these perimeters improved.
</complete>
		<posacc>
			<horizpa>
				<horizpar>It is not recommended that this data be used at scales finer then 1:100,000.  Complete positional accuracy of fire polygons/regions is undecisive due to the variety of data collection and digitization methodologies, sources, and temporal depth of source data.</horizpar>
			</horizpa>
		</posacc>
		<lineage>
			<procstep>
				<procdesc>Convert all source data not in coverage form to polygon coverage.</procdesc>
				<srcused Sync="TRUE">c:\ceg\gis\arc\nrm_fires</srcused>
				<time Sync="TRUE">17113200</time>
			</procstep>
			<procstep>
				<procdesc>Irrelevant items (columns) were deleted using the DROPITEM command.</procdesc>
				<srcused Sync="TRUE">c:\ceg\gis\gis_data\yr_merge\nrm_fires</srcused>
				<time Sync="TRUE">18054100</time>
			</procstep>
			<procstep>
				<procdesc>Followed methods described in Frank Church Area Fires (Brett Davis RMRS) metadata: "Extract data by year from each fire history coverage acquired.  Resulted in one polygon coverage per year per data source." For example, one polygon coverage for all 2000 fires mapped in the original Bitterroot National Forest fire history coverage. "utilized small, in-house AMLs customized for the particular source data (mainly dependent on whether the data was represented with ArcGIS Regions or Polygons).  RESELECT being the common, lynch-pin Arc command.</procdesc>
				<srcused Sync="TRUE">c:\ceg\gis\gis_data\nrm_atlas\nrm_fires</srcused>
				<time Sync="TRUE">13590000</time>
			</procstep>
			<procstep>
				<procdesc>The following items (columns) were added to each coverage: atlas_source (character, 20, 20) and fire_year (short integer 6, 6).  </procdesc>
			</procstep>
			<procstep>
				<procdesc>Atlas_source and fire_year items were polulated based on original source items.  Island polygons were represented as '0' fire_year.  </procdesc>
			</procstep>
			<procstep>
				<procdesc>Remaining irrevelant items were deleted using DROPITEM commend.</procdesc>
			</procstep>
			<procstep>
				<procdesc>
Followed methods described in Frank Church Area Fires (Brett Davis RMRS) metadata: " The next step was to visually inspect the coverages and perform simple overlay analysis with the aim of detecting errors and redundant polygons.  This was a long and painstaking process performed on a yearly basis for yeach year represented.  All existing polygon coverages for each year represented were brought into ArcMap on a year by year basis.

"In addition, the perimeters provided by" land managers "were compared to Regional data (where available) and earlier versions of their fire perimeter coverages (also where available).  These comparisons were used as supplementary information to all the decision criteris listed below.

"They were inspected for obvious errors such as: sliver polygons (very small, usually less than one acre, and/or prefect geometric shapes not relatable to other attributes) errant islands (e.g. year '0' but not completely contained within another polygon) etc.

"Very small polygons (&lt;1 acre) with regular shapes (e.g. triangle) were deleted.

"Islands &lt;1 acre were dissolved into the surrounding polygon.

"Simple overlay selection (in ArcMap) was used to detect redundant and partially overlapping polygons within each year.  The resolution of these problems was based upon a decision criterialisted below with the following assumptions:

"Assumption #1: The same area will not burn twice in the same fire season.  There may, of course, be exceptions (e.g. low-intensity ground fire early in the season followed by later in the season high-intensity or crown fire) but I believe these exceptions are rare.

"Assumption #2: Each land manager has a better idea of the extent of fires that occured within it's own boundaries than any other land manager.

"1) Appear to be duplicates (similar extent, spatial location): entirely/majority within one particular" land management boundary "-delete the polygon from the other" managment area.
"2) Overlap but don't appear to be duplicated: UNION the two polygons, DISSOLVE the resultant polygon by year and set 'source' item to Source1/Source2 to reflect it's origins."  This was common at land management boundaries associated with the Frank Church Area fire atlas, which resulted in the selection of pre-merged polygons where atlas_source item is populated as 'ALWRI' (Aldo Leopold Wilderness Research Institute).

"Inclusion of polygons from regional coverages not represented in Forest coverages: This was a rare occurrence.  When it did happen, I investigated the possibility of a mis-attribution in the regional coverage (i.e. 'year' incorrectly labeled) by comparing the polygon to polygons of any year from the NF data.  If a match was not found and the polygon was spatially located within one of the Forests of interest it was included in the process (with source set to R1)."  This typically occurred within the Beaverhead-Deerlodge National Forest boundary, as this Forest manages lands within the study area and does not currently have a digital fire history.

Since the Clearwater National Forest fire history completely overlapped with Nez Perce National Forest fire history coverage polygons, atlas_source items reflected as Clearwater NF often include Nez Perce NF perimeters.  Atlas_source items populated as Nez Perce NF reflect years when Clearwater National Forest annual coverages only depicted fire occurance on Nez Perce National Forest lands.  Similarly, Frank Church Area Fire (atlas_source populated 'ALRWI") annual polygons include Boise National Forest fire perimeters, as I was unable to successfully work with the data provided by the Boise NF and feared corruption of other data.
</procdesc>
			</procstep>
			<procstep>
				<procdesc>Joined source annual coverages into annual regional (northern Rocky Mountain region) coverages using MAPJOIN coverage.  For example, 2000 Bitterroot NF + 2000 Salmon-Challis NF + 2000 Kootenai NF + 2000 Glacier NP = 2000 fires.</procdesc>
			</procstep>
			<procstep>
				<procdesc>Acquired a simple looping AML acquired from Brett Davis (RNRS Aldo Leopold Wilderness Research Institute) to POLYREGION and UNION individual regional annual coverages into a single coverage.</procdesc>
			</procstep>
			<procstep>
				<procdesc>Used REGIONDISSOLVE command to build fire_year and atlas_source subclasses (regions).</procdesc>
			</procstep>
			<procstep>
				<procdesc Sync="TRUE">Dataset copied.</procdesc>
				<srcused Sync="TRUE">c:\ceg\gis\arc\nrm_fires</srcused>
				<time Sync="TRUE">19310600</time>
			</procstep>
			<procstep>
				<procdesc Sync="TRUE">Dataset copied.</procdesc>
				<srcused Sync="TRUE">c:\ceg\other\ceg_thesis\ceg_cds\nrm_fire\nrm_atlas\nrm_fires</srcused>
				<time Sync="TRUE">16385800</time>
			</procstep>
			<procstep>
				<procdesc Sync="TRUE">Dataset copied.</procdesc>
				<srcused Sync="TRUE">c:\ceg\gis\arc\nrm_fires</srcused>
				<time Sync="TRUE">16425700</time>
			</procstep>
			<procstep><procdesc Sync="TRUE">Metadata imported.</procdesc><srcused Sync="TRUE">C:\DOCUME~1\Owner\LOCALS~1\Temp\xml3.tmp</srcused><date Sync="TRUE">20060524</date><time Sync="TRUE">16052400</time></procstep><procstep><procdesc Sync="TRUE">Dataset copied.</procdesc><srcused Sync="TRUE">\\PCDE760ZD51\C$\projects\FireDataUpdates\CarlyGibsonData\Nrm_atlas\nrocky_fire.gdb</srcused><date Sync="TRUE">20080527</date><time Sync="TRUE">06480800</time></procstep></lineage>
	</dataqual>
	<spdoinfo>
		<direct Sync="TRUE">Vector</direct>
		<ptvctinf><esriterm Name="fire_hist_nrocky_1889_2003_c"><efeatyp Sync="TRUE">Simple</efeatyp><efeageom code="4" Sync="TRUE"></efeageom><esritopo Sync="TRUE">FALSE</esritopo><efeacnt Sync="TRUE">0</efeacnt><spindex Sync="TRUE">TRUE</spindex><linrefer Sync="TRUE">FALSE</linrefer></esriterm></ptvctinf></spdoinfo>
	<spref>
		<horizsys>
			<planar>
				<planci>
					<plance Sync="TRUE">coordinate pair</plance>
					<coordrep>
						<absres Sync="TRUE">0.000000</absres>
						<ordres Sync="TRUE">0.000000</ordres>
					</coordrep>
					<plandu Sync="TRUE">meters</plandu>
				</planci>
			</planar>
			<geodetic>
				<horizdn Sync="TRUE">North American Datum of 1983</horizdn>
				<ellips Sync="TRUE">Geodetic Reference System 80</ellips>
				<semiaxis Sync="TRUE">6378137.000000</semiaxis>
				<denflat Sync="TRUE">298.257222</denflat>
			</geodetic>
			<cordsysn><geogcsn Sync="TRUE">GCS_North_American_1983</geogcsn><projcsn Sync="TRUE">NAD_1983_Albers</projcsn></cordsysn></horizsys>
		<vertdef><altsys><altenc Sync="TRUE">Explicit elevation coordinate included with horizontal coordinates</altenc><altres Sync="TRUE">1.000000</altres></altsys></vertdef></spref>
	<eainfo>
		<detailed Name="fire_hist_nrocky_1889_2003_c">
			<enttyp>
				<enttypl Sync="TRUE">fire_hist_nrocky_1889_2003_c</enttypl>
				<enttypt Sync="TRUE">Feature Class</enttypt><enttypc Sync="TRUE">0</enttypc></enttyp>
			<attr><attrlabl Sync="TRUE">Shape_Length</attrlabl><attalias Sync="TRUE">OBJECTID</attalias><attrtype Sync="TRUE">OID</attrtype><attwidth Sync="TRUE">4</attwidth><atprecis Sync="TRUE">0</atprecis><attscale Sync="TRUE">0</attscale><attrdef Sync="TRUE">Length of feature in internal units.</attrdef><attrdefs Sync="TRUE">Esri</attrdefs><attrdomv><udom Sync="TRUE">Positive real numbers that are automatically generated.</udom></attrdomv></attr><attr><attrlabl Sync="TRUE">SHAPE_AREA</attrlabl><attalias Sync="TRUE">Shape_Area</attalias><attrtype Sync="TRUE">Double</attrtype><attwidth Sync="TRUE">8</attwidth><attrdef Sync="TRUE">Area of feature in internal units squared.</attrdef><attrdefs Sync="TRUE">ESRI</attrdefs><attrdomv><udom Sync="TRUE">Positive real numbers that are automatically generated.</udom></attrdomv><atprecis Sync="TRUE">0</atprecis><attscale Sync="TRUE">0</attscale></attr><attr>
				<attrlabl Sync="TRUE">Shape</attrlabl>
				<attrdef Sync="TRUE">Feature geometry.</attrdef>
				<attrdefs Sync="TRUE">ESRI</attrdefs>
				<attrdomv>
					<udom Sync="TRUE">Coordinates defining the features.</udom>
				</attrdomv>
				<attalias Sync="TRUE">FIRE_YEAR</attalias><attrtype Sync="TRUE">Integer</attrtype><attwidth Sync="TRUE">4</attwidth><atprecis Sync="TRUE">0</atprecis><attscale Sync="TRUE">0</attscale></attr>
			<attr>
				<attrlabl Sync="TRUE">FIRE_YEAR</attrlabl>
				<attrdef>Year of fire</attrdef>
				<attrdefs>Year of fire</attrdefs>
				<attwidth Sync="TRUE">8</attwidth><atoutwid Sync="TRUE">6</atoutwid><attrtype Sync="TRUE">Double</attrtype><attalias Sync="TRUE">PERIMETER</attalias><atprecis Sync="TRUE">0</atprecis><attscale Sync="TRUE">0</attscale></attr>
			<attr>
				<attrlabl Sync="TRUE">PERIMETER</attrlabl>
				<attrdef Sync="TRUE">Perimeter of feature in internal units.</attrdef>
				<attrdefs Sync="TRUE">ESRI</attrdefs>
				<attrdomv>
					<udom Sync="TRUE">Positive real numbers that are automatically generated.</udom>
				</attrdomv>
				<attwidth Sync="TRUE">0</attwidth><atoutwid Sync="TRUE">18</atoutwid><attrtype Sync="TRUE">Geometry</attrtype><attalias Sync="TRUE">Shape</attalias><atprecis Sync="TRUE">0</atprecis><attscale Sync="TRUE">0</attscale></attr>
			<attr><attrlabl Sync="TRUE">Sq_Mi</attrlabl><attalias Sync="TRUE">Sq_Mi</attalias><attrtype Sync="TRUE">Double</attrtype><attwidth Sync="TRUE">8</attwidth><atprecis Sync="TRUE">0</atprecis><attscale Sync="TRUE">0</attscale></attr><attr><attrlabl Sync="TRUE">Acres</attrlabl><attalias Sync="TRUE">Acres</attalias><attrtype Sync="TRUE">SmallInteger</attrtype><attwidth Sync="TRUE">2</attwidth><atprecis Sync="TRUE">0</atprecis><attscale Sync="TRUE">0</attscale></attr><attr><attrlabl Sync="TRUE">NAME</attrlabl><attalias Sync="TRUE">NAME</attalias><attrtype Sync="TRUE">String</attrtype><attwidth Sync="TRUE">32</attwidth><atprecis Sync="TRUE">0</atprecis><attscale Sync="TRUE">0</attscale></attr><attr><attrlabl Sync="TRUE">SQMILES</attrlabl><attalias Sync="TRUE">SQMILES</attalias><attrtype Sync="TRUE">Double</attrtype><attwidth Sync="TRUE">8</attwidth><atprecis Sync="TRUE">0</atprecis><attscale Sync="TRUE">0</attscale></attr><attr><attrlabl Sync="TRUE">lookup_value</attrlabl><attalias Sync="TRUE">lookup_value</attalias><attrtype Sync="TRUE">SmallInteger</attrtype><attwidth Sync="TRUE">2</attwidth><atprecis Sync="TRUE">0</atprecis><attscale Sync="TRUE">0</attscale></attr><attr><attrlabl Sync="TRUE">SHAPE</attrlabl><attalias Sync="TRUE">AREA_</attalias><attrtype Sync="TRUE">Double</attrtype><attwidth Sync="TRUE">8</attwidth><attrdef Sync="TRUE">Feature geometry.</attrdef><attrdefs Sync="TRUE">ESRI</attrdefs><attrdomv><udom Sync="TRUE">Coordinates defining the features.</udom></attrdomv><atprecis Sync="TRUE">0</atprecis><attscale Sync="TRUE">0</attscale></attr><attr><attrlabl Sync="TRUE">AREA_</attrlabl><attalias Sync="TRUE">Shape_Length</attalias><attrtype Sync="TRUE">Double</attrtype><attwidth Sync="TRUE">8</attwidth><atprecis Sync="TRUE">0</atprecis><attscale Sync="TRUE">0</attscale><attrdef Sync="TRUE">Length of feature in internal units.</attrdef><attrdefs Sync="TRUE">Esri</attrdefs><attrdomv><udom Sync="TRUE">Positive real numbers that are automatically generated.</udom></attrdomv></attr></detailed>
		<detailed Name="nrocky_fire.patatlas_source">
			<enttyp>
				<enttypl Sync="TRUE">nrocky_fire.patatlas_source</enttypl>
				<enttypt Sync="TRUE">Feature Class</enttypt><enttypc Sync="TRUE">18</enttypc></enttyp>
			<attr>
				<attrlabl Sync="TRUE">FID</attrlabl>
				<attrdef Sync="TRUE">Internal feature number.</attrdef>
				<attrdefs Sync="TRUE">ESRI</attrdefs>
				<attrdomv>
					<udom Sync="TRUE">Sequential unique whole numbers that are automatically generated.</udom>
				</attrdomv>
				<attalias Sync="TRUE">FID</attalias><attrtype Sync="TRUE">OID</attrtype><attwidth Sync="TRUE">4</attwidth><atprecis Sync="TRUE">0</atprecis><attscale Sync="TRUE">0</attscale></attr>
			<attr>
				<attrlabl Sync="TRUE">Shape</attrlabl>
				<attrdef Sync="TRUE">Feature geometry.</attrdef>
				<attrdefs Sync="TRUE">ESRI</attrdefs>
				<attrdomv>
					<udom Sync="TRUE">Coordinates defining the features.</udom>
				</attrdomv>
				<attalias Sync="TRUE">Shape</attalias><attrtype Sync="TRUE">Geometry</attrtype><attwidth Sync="TRUE">0</attwidth><atprecis Sync="TRUE">0</atprecis><attscale Sync="TRUE">0</attscale></attr>
			<attr>
				<attrlabl Sync="TRUE">AREA</attrlabl>
				<attrdef Sync="TRUE">Area of feature in internal units squared.</attrdef>
				<attrdefs Sync="TRUE">ESRI</attrdefs>
				<attrdomv>
					<udom Sync="TRUE">Positive real numbers that are automatically generated.</udom>
				</attrdomv>
				<attwidth Sync="TRUE">19</attwidth><atoutwid Sync="TRUE">18</atoutwid><attrtype Sync="TRUE">Number</attrtype><atnumdec Sync="TRUE">8</atnumdec></attr>
			<attr>
				<attrlabl Sync="TRUE">PERIMETER</attrlabl>
				<attrdef Sync="TRUE">Perimeter of feature in internal units.</attrdef>
				<attrdefs Sync="TRUE">ESRI</attrdefs>
				<attrdomv>
					<udom Sync="TRUE">Positive real numbers that are automatically generated.</udom>
				</attrdomv>
				<attwidth Sync="TRUE">19</attwidth><atoutwid Sync="TRUE">18</atoutwid><attrtype Sync="TRUE">Number</attrtype><atnumdec Sync="TRUE">8</atnumdec></attr>
			<attr>
				<attrlabl Sync="TRUE">ATLAS_SOURCE#</attrlabl>
				<attrdef Sync="TRUE">Internal feature number.</attrdef>
				<attrdefs Sync="TRUE">ESRI</attrdefs>
				<attrdomv>
					<udom Sync="TRUE">Sequential unique whole numbers that are automatically generated.</udom>
				</attrdomv>
				<attwidth Sync="TRUE">10</attwidth><atoutwid Sync="TRUE">5</atoutwid><attrtype Sync="TRUE">Number</attrtype></attr>
			<attr>
				<attrlabl Sync="TRUE">ATLAS_SOURCE-ID</attrlabl>
				<attrdef Sync="TRUE">User-defined feature number.</attrdef>
				<attrdefs Sync="TRUE">ESRI</attrdefs>
				<attwidth Sync="TRUE">10</attwidth><atoutwid Sync="TRUE">5</atoutwid><attrtype Sync="TRUE">Number</attrtype></attr>
			<attr>
				<attrlabl Sync="TRUE">ATLAS_SOURCE</attrlabl>
				<attrdef>Source of original data</attrdef>
				<attrdefs>Source of original data</attrdefs>
				<attwidth Sync="TRUE">20</attwidth><atoutwid Sync="TRUE">20</atoutwid><attrtype Sync="TRUE">String</attrtype></attr>
			<attr>
				<attrlabl Sync="TRUE">FIRE_YEAR</attrlabl>
				<attrdef>Year of fire</attrdef>
				<attrdefs>Year of fire</attrdefs>
			</attr>
			<attr><atnumdec Sync="TRUE">11</atnumdec></attr><attr><atnumdec Sync="TRUE">11</atnumdec></attr></detailed>
		<detailed Name="nrocky_fire.patfire_year">
			<enttyp>
				<enttypl Sync="TRUE">nrocky_fire.patfire_year</enttypl>
				<enttypt Sync="TRUE">Feature Class</enttypt><enttypc Sync="TRUE">112</enttypc></enttyp>
			<attr>
				<attrlabl Sync="TRUE">FID</attrlabl>
				<attrdef Sync="TRUE">Internal feature number.</attrdef>
				<attrdefs Sync="TRUE">ESRI</attrdefs>
				<attrdomv>
					<udom Sync="TRUE">Sequential unique whole numbers that are automatically generated.</udom>
				</attrdomv>
				<attalias Sync="TRUE">FID</attalias><attrtype Sync="TRUE">OID</attrtype><attwidth Sync="TRUE">4</attwidth><atprecis Sync="TRUE">0</atprecis><attscale Sync="TRUE">0</attscale></attr>
			<attr>
				<attrlabl Sync="TRUE">Shape</attrlabl>
				<attrdef Sync="TRUE">Feature geometry.</attrdef>
				<attrdefs Sync="TRUE">ESRI</attrdefs>
				<attrdomv>
					<udom Sync="TRUE">Coordinates defining the features.</udom>
				</attrdomv>
				<attalias Sync="TRUE">Shape</attalias><attrtype Sync="TRUE">Geometry</attrtype><attwidth Sync="TRUE">0</attwidth><atprecis Sync="TRUE">0</atprecis><attscale Sync="TRUE">0</attscale></attr>
			<attr>
				<attrlabl Sync="TRUE">AREA</attrlabl>
				<attrdef Sync="TRUE">Area of feature in internal units squared.</attrdef>
				<attrdefs Sync="TRUE">ESRI</attrdefs>
				<attrdomv>
					<udom Sync="TRUE">Positive real numbers that are automatically generated.</udom>
				</attrdomv>
				<attwidth Sync="TRUE">19</attwidth><atoutwid Sync="TRUE">18</atoutwid><attrtype Sync="TRUE">Number</attrtype><atnumdec Sync="TRUE">8</atnumdec></attr>
			<attr>
				<attrlabl Sync="TRUE">PERIMETER</attrlabl>
				<attrdef Sync="TRUE">Perimeter of feature in internal units.</attrdef>
				<attrdefs Sync="TRUE">ESRI</attrdefs>
				<attrdomv>
					<udom Sync="TRUE">Positive real numbers that are automatically generated.</udom>
				</attrdomv>
				<attwidth Sync="TRUE">19</attwidth><atoutwid Sync="TRUE">18</atoutwid><attrtype Sync="TRUE">Number</attrtype><atnumdec Sync="TRUE">8</atnumdec></attr>
			<attr>
				<attrlabl Sync="TRUE">FIRE_YEAR#</attrlabl>
				<attrdef Sync="TRUE">Internal feature number.</attrdef>
				<attrdefs Sync="TRUE">ESRI</attrdefs>
				<attrdomv>
					<udom Sync="TRUE">Sequential unique whole numbers that are automatically generated.</udom>
				</attrdomv>
				<attwidth Sync="TRUE">10</attwidth><atoutwid Sync="TRUE">5</atoutwid><attrtype Sync="TRUE">Number</attrtype></attr>
			<attr>
				<attrlabl Sync="TRUE">FIRE_YEAR-ID</attrlabl>
				<attrdef Sync="TRUE">User-defined feature number.</attrdef>
				<attrdefs Sync="TRUE">ESRI</attrdefs>
				<attwidth Sync="TRUE">10</attwidth><atoutwid Sync="TRUE">5</atoutwid><attrtype Sync="TRUE">Number</attrtype></attr>
			<attr>
				<attrlabl Sync="TRUE">FIRE_YEAR</attrlabl>
				<attwidth Sync="TRUE">20</attwidth><atoutwid Sync="TRUE">6</atoutwid><attrtype Sync="TRUE">String</attrtype></attr>
			<attr>
				<attrlabl Sync="TRUE">FIRE_YEAR</attrlabl>
			</attr>
			<attr><atnumdec Sync="TRUE">11</atnumdec></attr><attr><atnumdec Sync="TRUE">11</atnumdec></attr></detailed>
		<detailed Name="nrocky_fire.patpoly"><enttyp><enttypl Sync="TRUE">nrocky_fire.patpoly</enttypl><enttypt Sync="TRUE">Feature Class</enttypt><enttypc Sync="TRUE">6095</enttypc></enttyp><attr><attrlabl Sync="TRUE">FID</attrlabl><attalias Sync="TRUE">FID</attalias><attrtype Sync="TRUE">OID</attrtype><attwidth Sync="TRUE">4</attwidth><atprecis Sync="TRUE">0</atprecis><attscale Sync="TRUE">0</attscale><attrdef Sync="TRUE">Internal feature number.</attrdef><attrdefs Sync="TRUE">ESRI</attrdefs><attrdomv><udom Sync="TRUE">Sequential unique whole numbers that are automatically generated.</udom></attrdomv></attr><attr><attrlabl Sync="TRUE">Shape</attrlabl><attalias Sync="TRUE">Shape</attalias><attrtype Sync="TRUE">Geometry</attrtype><attwidth Sync="TRUE">0</attwidth><atprecis Sync="TRUE">0</atprecis><attscale Sync="TRUE">0</attscale><attrdef Sync="TRUE">Feature geometry.</attrdef><attrdefs Sync="TRUE">ESRI</attrdefs><attrdomv><udom Sync="TRUE">Coordinates defining the features.</udom></attrdomv></attr><attr><attrlabl Sync="TRUE">AREA</attrlabl><attwidth Sync="TRUE">19</attwidth><atoutwid Sync="TRUE">18</atoutwid><attrtype Sync="TRUE">Number</attrtype><atnumdec Sync="TRUE">8</atnumdec><attrdef Sync="TRUE">Area of feature in internal units squared.</attrdef><attrdefs Sync="TRUE">ESRI</attrdefs><attrdomv><udom Sync="TRUE">Positive real numbers that are automatically generated.</udom></attrdomv></attr><attr><attrlabl Sync="TRUE">PERIMETER</attrlabl><attwidth Sync="TRUE">19</attwidth><atoutwid Sync="TRUE">18</atoutwid><attrtype Sync="TRUE">Number</attrtype><atnumdec Sync="TRUE">8</atnumdec><attrdef Sync="TRUE">Perimeter of feature in internal units.</attrdef><attrdefs Sync="TRUE">ESRI</attrdefs><attrdomv><udom Sync="TRUE">Positive real numbers that are automatically generated.</udom></attrdomv></attr><attr><attrlabl Sync="TRUE">POLY#</attrlabl><attwidth Sync="TRUE">10</attwidth><atoutwid Sync="TRUE">5</atoutwid><attrtype Sync="TRUE">Number</attrtype><attrdef Sync="TRUE">Internal feature number.</attrdef><attrdefs Sync="TRUE">ESRI</attrdefs><attrdomv><udom Sync="TRUE">Sequential unique whole numbers that are automatically generated.</udom></attrdomv></attr><attr><attrlabl Sync="TRUE">POLY-ID</attrlabl><attwidth Sync="TRUE">10</attwidth><atoutwid Sync="TRUE">5</atoutwid><attrtype Sync="TRUE">Number</attrtype><attrdef Sync="TRUE">User-defined feature number.</attrdef><attrdefs Sync="TRUE">ESRI</attrdefs></attr><attr><attrlabl Sync="TRUE">ATLAS_SOURCE</attrlabl><attwidth Sync="TRUE">20</attwidth><atoutwid Sync="TRUE">20</atoutwid><attrtype Sync="TRUE">String</attrtype></attr><attr><attrlabl Sync="TRUE">FIRE_YEAR</attrlabl><attwidth Sync="TRUE">10</attwidth><atoutwid Sync="TRUE">6</atoutwid><attrtype Sync="TRUE">Number</attrtype></attr><attr><atnumdec Sync="TRUE">11</atnumdec></attr><attr><atnumdec Sync="TRUE">11</atnumdec></attr></detailed></eainfo>
	<distinfo>
		<resdesc Sync="TRUE">Downloadable Data</resdesc>
		<stdorder>
			<digform>
				<digtinfo>
					<transize Sync="TRUE">0.000</transize>
					<dssize Sync="TRUE">0.000</dssize></digtinfo>
			</digform>
		</stdorder>
	</distinfo>
	<metainfo>
		<metd Sync="TRUE">20080527</metd>
		<metc>
			<cntinfo>
				<cntorgp>
					<cntorg>University of Idaho, Department of Forest Resources</cntorg>
					<cntper>Carly E Gibson (or Dr. Penelope Morgan)</cntper>
				</cntorgp>
				<cntpos>Graduate Student/Research Assistant  (Professor)</cntpos>
				<cntaddr>
					<addrtype>mailing address</addrtype>
					<city>P.O. Box 441133</city>
					<state>Moscow </state>
					<postal>Idaho</postal>
					<country>USA</country>
				</cntaddr>
				<cntvoice>208-885-1202</cntvoice>
				<cntemail>gibs0636@uidaho.edu (pmorgan@uidaho.edu)</cntemail>
			</cntinfo>
		</metc>
		<metstdn Sync="TRUE">FGDC Content Standards for Digital Geospatial Metadata</metstdn>
		<metstdv Sync="TRUE">FGDC-STD-001-1998</metstdv>
		<mettc Sync="TRUE">local time</mettc>
		<langmeta Sync="TRUE">en</langmeta></metainfo>
	<Esri><CreaDate>20160116</CreaDate><CreaTime>14314100</CreaTime><SyncOnce>FALSE</SyncOnce><SyncDate>20160116</SyncDate><SyncTime>14235200</SyncTime><ModDate>20160116</ModDate><ModTime>14235200</ModTime><DataProperties><lineage><Process Name="FeatureClassToFeatureClass_1" ToolSource="C:\Program Files\ArcGIS\ArcToolbox\Toolboxes\Conversion Tools.tbx\FeatureClassToFeatureClass" Date="20080527" Time="064646">FeatureClassToFeatureClass C:\projects\FireDataUpdates\CarlyGibsonData\Nrm_atlas\nrocky_fire\region.poly C:\projects\FireDataUpdates\CarlyGibsonData\Nrm_atlas\nrocky_fire.gdb region_poly # "AREA AREA false false true 8 Double 0 0 ,First,#,C:\projects\FireDataUpdates\CarlyGibsonData\Nrm_atlas\nrocky_fire\region.poly,AREA,-1,-1;PERIMETER PERIMETER false false true 8 Double 0 0 ,First,#,C:\projects\FireDataUpdates\CarlyGibsonData\Nrm_atlas\nrocky_fire\region.poly,PERIMETER,-1,-1;POLY_ POLY_ false false true 4 Long 0 0 ,First,#,C:\projects\FireDataUpdates\CarlyGibsonData\Nrm_atlas\nrocky_fire\region.poly,POLY#,-1,-1;POLY_ID POLY_ID true false true 4 Long 0 0 ,First,#,C:\projects\FireDataUpdates\CarlyGibsonData\Nrm_atlas\nrocky_fire\region.poly,POLY-ID,-1,-1;ATLAS_SOURCE ATLAS_SOURCE true false false 20 Text 0 0 ,First,#,C:\projects\FireDataUpdates\CarlyGibsonData\Nrm_atlas\nrocky_fire\region.poly,ATLAS_SOURCE,-1,-1;FIRE_YEAR FIRE_YEAR true false false 6 Long 0 6 ,First,#,C:\projects\FireDataUpdates\CarlyGibsonData\Nrm_atlas\nrocky_fire\region.poly,FIRE_YEAR,-1,-1" # C:\projects\FireDataUpdates\CarlyGibsonData\Nrm_atlas\nrocky_fire.gdb\region_poly</Process><Process Name="Project_2" ToolSource="C:\Program Files\ArcGIS\ArcToolbox\Toolboxes\Data Management Tools.tbx\Project" Date="20080527" Time="064816">Project C:\projects\FireDataUpdates\CarlyGibsonData\Nrm_atlas\nrocky_fire.gdb\region_poly C:\projects\FireDataUpdates\CarlyGibsonData\Nrm_atlas\nrocky_fire.gdb\region_poly_Project PROJCS['NAD_1983_Albers',GEOGCS['GCS_North_American_1983',DATUM['D_North_American_1983',SPHEROID['GRS_1980',6378137.0,298.257222101]],PRIMEM['Greenwich',0.0],UNIT['Degree',0.0174532925199433]],PROJECTION['Albers'],PARAMETER['False_Easting',600000.0],PARAMETER['False_Northing',0.0],PARAMETER['Central_Meridian',-109.5],PARAMETER['Standard_Parallel_1',46.0],PARAMETER['Standard_Parallel_2',48.0],PARAMETER['Latitude_Of_Origin',44.0],UNIT['Meter',1.0]] # PROJCS['NAD_1983_Albers',GEOGCS['GCS_North_American_1983',DATUM['D_North_American_1983',SPHEROID['GRS_1980',6378137.0,298.257222101]],PRIMEM['Greenwich',0.0],UNIT['Degree',0.0174532925199433]],PROJECTION['Albers'],PARAMETER['False_Easting',600000.0],PARAMETER['False_Northing',0.0],PARAMETER['Central_Meridian',-109.5],PARAMETER['Standard_Parallel_1',46.0],PARAMETER['Standard_Parallel_2',48.0],PARAMETER['Latitude_Of_Origin',44.0],UNIT['Meter',1.0]]</Process><Process ToolSource="C:\Program Files\ArcGIS\ArcToolbox\Toolboxes\Data Management Tools.tbx\CopyFeatures" Date="20080527" Time="065531">CopyFeatures C:\projects\FireDataUpdates\CarlyGibsonData\Nrm_atlas\nrocky_fire.gdb\region_poly_Project "Database Connections\SDE local as fssde.sde version fssde.sde\FSSDE.region_poly_Project" # 7500 0 0</Process><Process ToolSource="C:\Program Files\ArcGIS\ArcToolbox\Toolboxes\Data Management Tools.tbx\CopyFeatures" Date="20080527" Time="072350">CopyFeatures "Database Connections\SDE local as fssde.sde version fssde.sde\FSSDE.fire_history_nrocky_1889_2003" C:\projects\FireDataUpdates\CarlyGibsonData\FSSDE_fire_history_nrocky_1889_2003.shp # 0 0 0</Process><Process ToolSource="c:\program files (x86)\arcgis\desktop10.3\ArcToolbox\Toolboxes\Data Management Tools.tbx\CalculateField" Date="20151110" Time="165640">CalculateField fire_history_nrocky_1889_2003 FIRE_YEAR "Null" VB #</Process><Process ToolSource="c:\program files (x86)\arcgis\desktop10.3\ArcToolbox\Toolboxes\Data Management Tools.tbx\CalculateField" Date="20160116" Time="142500">CalculateField fire_hist_nrocky_1889_2003_c lookup_value [OBJECTID] VB #</Process><Process ToolSource="c:\program files (x86)\arcgis\desktop10.3\ArcToolbox\Toolboxes\Data Management Tools.tbx\CalculateField" Date="20160116" Time="142714">CalculateField fire_hist_nrocky_1889_2003_c text ""In " &amp; [FIRE_YEAR] &amp; " " &amp; Left([Acres],4) &amp;  " acres burned in this location. That is equal to about " &amp; Left(( [Acres] /1.1),4) &amp; " footbal fields."" VB #</Process></lineage><itemProps><itemName Sync="TRUE">fire_hist_nrocky_1889_2003_c</itemName><imsContentType Sync="TRUE">002</imsContentType><itemLocation><linkage Sync="TRUE">file://\\CARSONVM\C$\Users\Carson\Desktop\MissoulaReady\Geodatabases\Earthquake.gdb</linkage><protocol Sync="TRUE">Local Area Network</protocol></itemLocation></itemProps><coordRef><type Sync="TRUE">Projected</type><geogcsn Sync="TRUE">GCS_North_American_1983</geogcsn><csUnits Sync="TRUE">Linear Unit: Foot_US (0.304801)</csUnits><projcsn Sync="TRUE">NAD_1983_StatePlane_Montana_FIPS_2500_Feet</projcsn><peXml Sync="TRUE">&lt;ProjectedCoordinateSystem xsi:type='typens:ProjectedCoordinateSystem' xmlns:xsi='http://www.w3.org/2001/XMLSchema-instance' xmlns:xs='http://www.w3.org/2001/XMLSchema' xmlns:typens='http://www.esri.com/schemas/ArcGIS/10.3'&gt;&lt;WKT&gt;PROJCS[&amp;quot;NAD_1983_StatePlane_Montana_FIPS_2500_Feet&amp;quot;,GEOGCS[&amp;quot;GCS_North_American_1983&amp;quot;,DATUM[&amp;quot;D_North_American_1983&amp;quot;,SPHEROID[&amp;quot;GRS_1980&amp;quot;,6378137.0,298.257222101]],PRIMEM[&amp;quot;Greenwich&amp;quot;,0.0],UNIT[&amp;quot;Degree&amp;quot;,0.0174532925199433]],PROJECTION[&amp;quot;Lambert_Conformal_Conic&amp;quot;],PARAMETER[&amp;quot;False_Easting&amp;quot;,1968500.0],PARAMETER[&amp;quot;False_Northing&amp;quot;,0.0],PARAMETER[&amp;quot;Central_Meridian&amp;quot;,-109.5],PARAMETER[&amp;quot;Standard_Parallel_1&amp;quot;,45.0],PARAMETER[&amp;quot;Standard_Parallel_2&amp;quot;,49.0],PARAMETER[&amp;quot;Latitude_Of_Origin&amp;quot;,44.25],UNIT[&amp;quot;Foot_US&amp;quot;,0.3048006096012192],AUTHORITY[&amp;quot;ESRI&amp;quot;,102700]]&lt;/WKT&gt;&lt;XOrigin&gt;-117014100&lt;/XOrigin&gt;&lt;YOrigin&gt;-98447500&lt;/YOrigin&gt;&lt;XYScale&gt;3048.0060960121928&lt;/XYScale&gt;&lt;ZOrigin&gt;-100000&lt;/ZOrigin&gt;&lt;ZScale&gt;10000&lt;/ZScale&gt;&lt;MOrigin&gt;-100000&lt;/MOrigin&gt;&lt;MScale&gt;10000&lt;/MScale&gt;&lt;XYTolerance&gt;0.0032808333333333331&lt;/XYTolerance&gt;&lt;ZTolerance&gt;0.001&lt;/ZTolerance&gt;&lt;MTolerance&gt;0.001&lt;/MTolerance&gt;&lt;HighPrecision&gt;true&lt;/HighPrecision&gt;&lt;WKID&gt;102700&lt;/WKID&gt;&lt;LatestWKID&gt;102700&lt;/LatestWKID&gt;&lt;/ProjectedCoordinateSystem&gt;</peXml></coordRef></DataProperties><ArcGISFormat>1.0</ArcGISFormat></Esri><dataIdInfo><envirDesc Sync="TRUE">Microsoft Windows 7 Version 6.1 (Build 7601) Service Pack 1; Esri ArcGIS 10.3.0.4322</envirDesc><dataLang><languageCode Sync="TRUE" value="eng"></languageCode><countryCode value="USA" Sync="TRUE"></countryCode></dataLang><idCitation><resTitle Sync="TRUE">fire_hist_nrocky_1889_2003_c</resTitle><presForm><PresFormCd Sync="TRUE" value="005"></PresFormCd></presForm></idCitation><spatRpType><SpatRepTypCd Sync="TRUE" value="001"></SpatRepTypCd></spatRpType><dataExt><geoEle><GeoBndBox esriExtentType="native"><westBL Sync="TRUE">-14589.106445</westBL><eastBL Sync="TRUE">602433.9375</eastBL><northBL Sync="TRUE">584374.020798</northBL><southBL Sync="TRUE">-225342.828125</southBL><exTypeCode Sync="TRUE">1</exTypeCode></GeoBndBox></geoEle></dataExt><geoBox esriExtentType="decdegrees"><westBL Sync="TRUE">-117.905081</westBL><eastBL Sync="TRUE">-109.466585</eastBL><northBL Sync="TRUE">49.258</northBL><southBL Sync="TRUE">41.705877</southBL><exTypeCode Sync="TRUE">1</exTypeCode></geoBox></dataIdInfo><mdLang><languageCode Sync="TRUE" value="eng"></languageCode><countryCode value="USA" Sync="TRUE"></countryCode></mdLang><mdStanName Sync="TRUE">ISO 19115 Geographic Information - Metadata</mdStanName><mdStanVer Sync="TRUE">DIS_ESRI1.0</mdStanVer><mdChar><CharSetCd Sync="TRUE" value="004"></CharSetCd></mdChar><mdHrLv><ScopeCd Sync="TRUE" value="005"></ScopeCd></mdHrLv><mdHrLvName Sync="TRUE">dataset</mdHrLvName><distInfo><distributor><distorTran><onLineSrc><orDesc Sync="TRUE">002</orDesc><linkage Sync="TRUE">file://\\PCDE760ZD51\C$\projects\FireDataUpdates\CarlyGibsonData\FSSDE_fire_history_nrocky_1889_2003.shp</linkage><protocol Sync="TRUE">Local Area Network</protocol></onLineSrc><transSize Sync="TRUE">0.000</transSize></distorTran><distorFormat><formatName Sync="TRUE">Shapefile</formatName></distorFormat></distributor><distFormat><formatName Sync="TRUE">File Geodatabase Feature Class</formatName></distFormat></distInfo><refSysInfo><RefSystem><refSysID><identCode Sync="TRUE" code="102700">NAD_1983_Albers</identCode><idCodeSpace Sync="TRUE">ESRI</idCodeSpace><idVersion Sync="TRUE">10.2.1</idVersion></refSysID></RefSystem></refSysInfo><spatRepInfo><VectSpatRep><geometObjs Name="fire_hist_nrocky_1889_2003_c"><geoObjTyp><GeoObjTypCd value="002" Sync="TRUE"></GeoObjTypCd></geoObjTyp><geoObjCnt Sync="TRUE">0</geoObjCnt></geometObjs><topLvl><TopoLevCd value="001" Sync="TRUE"></TopoLevCd></topLvl></VectSpatRep></spatRepInfo><mdDateSt Sync="TRUE">20160116</mdDateSt></metadata>
