<?xml version="1.0" encoding="UTF-8"?>
<metadata><idinfo><citation><citeinfo><origin>Carson MacPherson-Krutsky</origin><pubdate>20160913</pubdate><title>100-year King County Floodplain and waterbodies</title><edition>One</edition><geoform>Vector Digital Data Set (Polygon)</geoform><pubinfo><pubplace>King County, WA</pubplace><publish>King County</publish></pubinfo><othercit>None</othercit><onlink>http://www5.kingcounty.gov/gisdataportal/Default.aspx</onlink></citeinfo></citation><descript><abstract>**fill in abstract**</abstract><purpose>King County Political Boundary extracted from washco. Shows political boundaries for King County independent of shoreline. Useful for showing all areas of county; including water areas. Use Kingsh to depict interior political boundaries with edge-of-water shoreline.</purpose><supplinf>None</supplinf></descript><timeperd><timeinfo><sngdate><caldate>20160913</caldate></sngdate></timeinfo><current>See Supplemental Info</current></timeperd><status><progress>Complete</progress><update>As needed</update></status><spdom><bounding><westbc>-125.140220041</westbc><eastbc>-120.924164062</eastbc><northbc>49.097198779</northbc><southbc>46.221268484</southbc></bounding></spdom><keywords><theme><themekt>Not applicable</themekt><themekey>county boundaries</themekey><themekey>politicl</themekey><themekey>kingco</themekey></theme><theme><themekt>ISO 19115 Topic Categories</themekt><themekey>boundaries</themekey></theme><place><placekt>Not applicable</placekt><placekey>Pacific NW</placekey><placekey>Washington state</placekey><placekey>King County</placekey><placekey>WA</placekey></place></keywords><accconst>None</accconst><useconst>King County data are made available with the understanding that they shall be used exclusively by the obtainer or his/her authorized agents. Digital products may not be reproduced or redistributed in any form or by any means without the express written authorization of King County.</useconst><ptcontac><cntinfo><cntorgp><cntorg>University of Montana, HazardReady, LLC</cntorg><cntper>Carson MacPherson-Krutsky</cntper></cntorgp><cntpos>Scientist</cntpos><cntaddr><addrtype>Mailing and Physical</addrtype><address>32 Campus Drive</address><city>Missoula</city><state>MT</state><postal>59812</postal><country>US</country></cntaddr><cntvoice>206-832-7590</cntvoice><cntemail>carson.m-krutsky@umontana.edu</cntemail></cntinfo></ptcontac><browse><browsen>http://www5.kingcounty.gov/sdc/dataimages/kingco.jpg</browsen><browsed>JPG File of layer overlain on base of WA counties or local cities</browsed><browset>JPG</browset></browse><native>Environment as of Metadata Creation: Microsoft Windows 7 Version 6.1 (Build 7601) Service Pack 1; Esri ArcGIS 10.3 (Build 4322) Service Pack N/A (Build N/A)</native></idinfo><dataqual><attracc><attraccr>No formal attribute accuracy tests were conducted.</attraccr></attracc><logic>No formal logical accuracy tests were conducted.</logic><complete>Data set is considered complete for the information presented, as described in the abstract. Users are advised to read the rest of the metadata record carefully for additional details.</complete><posacc><horizpa><horizpar>A formal accuracy assessment of the horizontal positional information in the data set has not been conducted.</horizpar></horizpa><vertacc><vertaccr>A formal accuracy assessment of the vertical positional information in the data set has either not been conducted, or is not applicable.</vertaccr></vertacc></posacc><lineage><srcinfo><srccite><citeinfo><origin>Ken Rauscher</origin><pubdate>20110817</pubdate><title>maint.WLR.FLDPLAIN_AREA</title><geoform>Vector Digital Data Set</geoform><pubinfo><pubplace>201 S Jackson St, Suite 600, Seattle, WA</pubplace><publish>King County DNR</publish></pubinfo><onlink>http://www5.kingcounty.gov/sdc/DataImages/fldplain.jpg</onlink></citeinfo></srccite><typesrc>Digital and/or Hardcopy Resources</typesrc><srctime><timeinfo><sngdate><caldate>20110817</caldate></sngdate></timeinfo><srccurr>publication date</srccurr></srctime><srccitea>Floodplain100yr</srccitea><srccontr>Used to delineate 100 yr floodplain boundaries</srccontr></srcinfo><srcinfo><srccite><citeinfo><origin>Mike Leathers</origin><pubdate>20050923</pubdate><title>King County Political Boundary (no waterbodies)</title><geoform>Vector Digital Data Set</geoform><pubinfo><pubplace>King County, WA</pubplace><publish>King County</publish></pubinfo><onlink>http://www5.kingcounty.gov/sdc/dataimages/kingco.jpg</onlink></citeinfo></srccite><srcscale>100000</srcscale><typesrc>Digital and/or Hardcopy Resources</typesrc><srctime><timeinfo><sngdate><caldate>20050923</caldate></sngdate></timeinfo><srccurr>publication date</srccurr></srctime><srccitea>KingCo</srccitea><srccontr>Used to create full boundary around King County and as the land attribute</srccontr></srcinfo><srcinfo><srccite><citeinfo><pubdate>20070401</pubdate><title>maint.GISC.wtrbdy_mast</title><geoform>Vector Digital Data Set</geoform><pubinfo><pubplace>King County, WA</pubplace><publish>King County</publish></pubinfo><onlink>http://www5.kingcounty.gov/sdc/DataImages/wtrbdy.jpg</onlink></citeinfo></srccite><typesrc>Digital and/or Hardcopy Resources</typesrc><srctime><timeinfo><sngdate><caldate>20070401</caldate></sngdate></timeinfo><srccurr>publication date</srccurr></srctime><srccitea>wtrbdy</srccitea><srccontr>Used to delineate water body boundaries within King County</srccontr></srcinfo><procstep><procdesc>(1) Used a combination of clipping, symmetrical difference tool, and merge to develop a final shapefile with waterbodies, floodplain boundaries, and land not covered in either
(2) Once merged all non-relevant attributes were deleted and lookup values were added.</procdesc><procdate>20160913</procdate></procstep><procstep><procdesc>Selected from WASHCO_AREA whenever WASHCO_AREA is updated. WASHCO_AREA was updated by bringing county edges in alignment with CITY_AREA.</procdesc><procdate>20090501</procdate></procstep></lineage></dataqual><spdoinfo><direct>Vector</direct><ptvctinf><esriterm Name="Flood_100yr_wUrban_kingco"><efeatyp Sync="TRUE">Simple</efeatyp><efeageom code="4" Sync="TRUE"></efeageom><esritopo Sync="TRUE">FALSE</esritopo><efeacnt Sync="TRUE">9</efeacnt><spindex Sync="TRUE">TRUE</spindex><linrefer Sync="TRUE">FALSE</linrefer></esriterm></ptvctinf></spdoinfo><spref><horizsys><planar><planci><plance>coordinate pair</plance><coordrep><absres>[Unknown]</absres><ordres>[Unknown]</ordres></coordrep><plandu>Foot_US</plandu></planci></planar><geodetic><horizdn>D_North_American_1983_HARN</horizdn><ellips>GRS_1980</ellips><semiaxis>6378137.0</semiaxis><denflat>298.257222101</denflat></geodetic></horizsys></spref><eainfo><detailed Name="Flood_100yr_wUrban_kingco"><enttyp><enttypl>Attribute Table</enttypl><enttypt Sync="TRUE">Feature Class</enttypt><enttypc Sync="TRUE">9</enttypc></enttyp><attr><attrlabl Sync="TRUE">FID</attrlabl><attalias Sync="TRUE">FID</attalias><attrtype Sync="TRUE">OID</attrtype><attwidth Sync="TRUE">4</attwidth><atprecis Sync="TRUE">0</atprecis><attscale Sync="TRUE">0</attscale><attrdef Sync="TRUE">Internal feature number.</attrdef><attrdefs Sync="TRUE">Esri</attrdefs><attrdomv><udom Sync="TRUE">Sequential unique whole numbers that are automatically generated.</udom></attrdomv></attr><attr><attrlabl Sync="TRUE">OBJECTID</attrlabl><attalias Sync="TRUE">OBJECTID</attalias><attrtype Sync="TRUE">Integer</attrtype><attwidth Sync="TRUE">10</attwidth><atprecis Sync="TRUE">10</atprecis><attscale Sync="TRUE">0</attscale><attrdef Sync="TRUE">Internal feature number.</attrdef><attrdefs Sync="TRUE">Esri</attrdefs><attrdomv><udom Sync="TRUE">Sequential unique whole numbers that are automatically generated.</udom></attrdomv></attr><attr><attrlabl Sync="TRUE">Shape</attrlabl><attalias Sync="TRUE">Shape</attalias><attrtype Sync="TRUE">Geometry</attrtype><attwidth Sync="TRUE">0</attwidth><atprecis Sync="TRUE">0</atprecis><attscale Sync="TRUE">0</attscale><attrdef Sync="TRUE">Feature geometry.</attrdef><attrdefs Sync="TRUE">Esri</attrdefs><attrdomv><udom Sync="TRUE">Coordinates defining the features.</udom></attrdomv></attr><attr><attrlabl>FEAT_TYPE</attrlabl><attrdef>This expresses the feature type, waterbodies, floodplain, land, etc.</attrdef><attrdefs>Producer defined</attrdefs><attrdomv><edom><edomv>100 Year</edomv><edomvd>100 year floodplain (King County, WA)</edomvd><edomvds>Producer defined</edomvds></edom></attrdomv><attrdomv><edom><edomv>Bays, estuaries, gulfs, oceans</edomv><edomvd>Ocean</edomvd><edomvds>Producer defined</edomvds></edom></attrdomv><attrdomv><edom><edomv>bridge</edomv><edomvd>Bridge</edomvd><edomvds>Producer defined</edomvds></edom></attrdomv><attrdomv><edom><edomv>Lake or pond</edomv><edomvd>Lake or pond</edomvd><edomvds>Producer defined</edomvds></edom></attrdomv><attrdomv><edom><edomv>Land</edomv><edomvd>Land outside of floodplain and waterbodies</edomvd><edomvds>Producer defined</edomvds></edom></attrdomv><attrdomv><edom><edomv>Reservoir</edomv><edomvd>reservoir</edomvd><edomvds>Producer defined</edomvds></edom></attrdomv><attrdomv><edom><edomv>River or stream</edomv><edomvd>river or stream</edomvd><edomvds>Producer defined</edomvds></edom></attrdomv><attrdomv><edom><edomv>waterbody</edomv><edomvd>simplified from, flume, aqueduct, ditch or channel, fish hatchery, residential water impoundment, sewage disposal pond, water-obscuring suface vegetation</edomvd><edomvds>Producer defined</edomvds></edom></attrdomv><attalias Sync="TRUE">FEAT_TYPE</attalias><attrtype Sync="TRUE">String</attrtype><attwidth Sync="TRUE">50</attwidth><atprecis Sync="TRUE">0</atprecis><attscale Sync="TRUE">0</attscale></attr><attr><attrlabl>lookup_val</attrlabl><attrdef>Look-up value for use in Hazard Ready</attrdef><attrdefs>Producer defined</attrdefs><attrdomv><rdom><rdommin>1</rdommin><rdommax>8</rdommax><attrunit>Level of impact</attrunit></rdom></attrdomv><attalias Sync="TRUE">lookup_val</attalias><attrtype Sync="TRUE">SmallInteger</attrtype><attwidth Sync="TRUE">5</attwidth><atprecis Sync="TRUE">5</atprecis><attscale Sync="TRUE">0</attscale></attr><attr><attrlabl Sync="TRUE">Shape_Leng</attrlabl><attalias Sync="TRUE">Shape_Leng</attalias><attrtype Sync="TRUE">Double</attrtype><attwidth Sync="TRUE">19</attwidth><atprecis Sync="TRUE">0</atprecis><attscale Sync="TRUE">0</attscale></attr><attr><attrlabl Sync="TRUE">Shape_Area</attrlabl><attalias Sync="TRUE">Shape_Area</attalias><attrtype Sync="TRUE">Double</attrtype><attwidth Sync="TRUE">19</attwidth><atprecis Sync="TRUE">0</atprecis><attscale Sync="TRUE">0</attscale><attrdef Sync="TRUE">Area of feature in internal units squared.</attrdef><attrdefs Sync="TRUE">Esri</attrdefs><attrdomv><udom Sync="TRUE">Positive real numbers that are automatically generated.</udom></attrdomv></attr></detailed><detailed><enttyp><enttypl>Attribute Table</enttypl><enttypd>Table containing attribute information associated with the data set.</enttypd><enttypds>Producer defined</enttypds></enttyp><attr><attrlabl>FEAT_TYPE</attrlabl><attrdef>This expresses the feature type, waterbodies, floodplain, land, etc.</attrdef><attrdefs>Producer defined</attrdefs><attrdomv><edom><edomv>100 Year</edomv><edomvd>100 year floodplain (King County, WA)</edomvd><edomvds>Producer defined</edomvds></edom></attrdomv><attrdomv><edom><edomv>Bays, estuaries, gulfs, oceans</edomv><edomvd>Ocean</edomvd><edomvds>Producer defined</edomvds></edom></attrdomv><attrdomv><edom><edomv>bridge</edomv><edomvd>Bridge</edomvd><edomvds>Producer defined</edomvds></edom></attrdomv><attrdomv><edom><edomv>Lake or pond</edomv><edomvd>Lake or pond</edomvd><edomvds>Producer defined</edomvds></edom></attrdomv><attrdomv><edom><edomv>Land</edomv><edomvd>Land outside of floodplain and waterbodies</edomvd><edomvds>Producer defined</edomvds></edom></attrdomv><attrdomv><edom><edomv>Reservoir</edomv><edomvd>reservoir</edomvd><edomvds>Producer defined</edomvds></edom></attrdomv><attrdomv><edom><edomv>River or stream</edomv><edomvd>river or stream</edomvd><edomvds>Producer defined</edomvds></edom></attrdomv><attrdomv><edom><edomv>waterbody</edomv><edomvd>simplified from, flume, aqueduct, ditch or channel, fish hatchery, residential water impoundment, sewage disposal pond, water-obscuring suface vegetation</edomvd><edomvds>Producer defined</edomvds></edom></attrdomv></attr><attr><attrlabl>lookup_val</attrlabl><attrdef>Look-up value for use in Hazard Ready</attrdef><attrdefs>Producer defined</attrdefs><attrdomv><rdom><rdommin>1</rdommin><rdommax>8</rdommax><attrunit>Level of impact</attrunit></rdom></attrdomv></attr></detailed><overview><eaover>The entity and attribute information provided here describes the tabular data associated with the data set. Please review the detailed descriptions that are provided (the individual attribute descriptions) for information on the values that appear as fields/table entries of the data set.</eaover><eadetcit>The entity and attribute information was generated by the individual and/or agency identified as the originator of the data set. Please review the rest of the metadata record for additional details and information.</eadetcit></overview></eainfo><distinfo><distrib><cntinfo><cntorgp><cntorg>University of Montana, HazardReady, LLC</cntorg><cntper>Carson MacPherson-Krutsky</cntper></cntorgp><cntpos>Scientist</cntpos><cntaddr><addrtype>Mailing and Physical</addrtype><address>32 Campus Drive</address><city>Missoula</city><state>MT</state><postal>59812</postal><country>US</country></cntaddr><cntvoice>206-832-7590</cntvoice><cntemail>carson.m-krutsky@umontana.edu</cntemail></cntinfo></distrib><resdesc>/plibrary2/politicl/shapes/polygon/kingco.shp</resdesc><distliab>HazardReady disclaims any warranty of use of any digital product or data beyond that for which it was designed.</distliab><stdorder><digform><digtinfo><formname>Vector Digital Data Set (Polygon)</formname></digtinfo></digform><fees>no fees required</fees></stdorder></distinfo><metainfo><metd>20160913</metd><metc><cntinfo><cntorgp><cntorg>University of Montana, HazardReady, LLC</cntorg><cntper>Carson MacPherson-Krutsky</cntper></cntorgp><cntpos>Scientist</cntpos><cntaddr><addrtype>Mailing and Physical</addrtype><address>32 Campus Drive</address><city>Missoula</city><state>MT</state><postal>59812</postal><country>US</country></cntaddr><cntvoice>206-832-7590</cntvoice><cntemail>carson.m-krutsky@umontana.edu</cntemail></cntinfo></metc><metstdn>FGDC Biological Data Profile of the Content Standard for Digital Geospatial Metadata</metstdn><metstdv>FGDC-STD-001.1-1999</metstdv><mettc>local time</mettc></metainfo><dataIdInfo><envirDesc Sync="TRUE">Microsoft Windows 7 Version 6.1 (Build 7601) Service Pack 1; Esri ArcGIS 10.3.0.4322</envirDesc><dataLang><languageCode value="eng" Sync="TRUE"></languageCode><countryCode value="USA" Sync="TRUE"></countryCode></dataLang><idCitation><resTitle Sync="TRUE">Flood_100yr_wUrban_kingco</resTitle><presForm><PresFormCd value="005" Sync="TRUE"></PresFormCd></presForm></idCitation><spatRpType><SpatRepTypCd value="001" Sync="TRUE"></SpatRepTypCd></spatRpType><dataExt><geoEle><GeoBndBox esriExtentType="search"><exTypeCode Sync="TRUE">1</exTypeCode><westBL Sync="TRUE">-122.556096</westBL><eastBL Sync="TRUE">-121.063188</eastBL><northBL Sync="TRUE">47.788858</northBL><southBL Sync="TRUE">47.073441</southBL></GeoBndBox></geoEle></dataExt></dataIdInfo><mdLang><languageCode value="eng" Sync="TRUE"></languageCode><countryCode value="USA" Sync="TRUE"></countryCode></mdLang><Esri><DataProperties><itemProps><itemName Sync="TRUE">Flood_100yr_wUrban_kingco</itemName><imsContentType Sync="TRUE">002</imsContentType><itemSize Sync="TRUE">23.367</itemSize><itemLocation><linkage Sync="TRUE">file://\\CARSONVM\C$\Users\Carson\Desktop\SeattleReady\Processed\Data_Snugget\9_24\Flood_100yr_wUrban_kingco.shp</linkage><protocol Sync="TRUE">Local Area Network</protocol></itemLocation><nativeExtBox><westBL Sync="TRUE">370898.890200</westBL><eastBL Sync="TRUE">482544.513500</eastBL><southBL Sync="TRUE">9591.308300</southBL><northBL Sync="TRUE">87733.018700</northBL><exTypeCode Sync="TRUE">1</exTypeCode></nativeExtBox></itemProps><coordRef><type Sync="TRUE">Projected</type><geogcsn Sync="TRUE">GCS_North_American_1983</geogcsn><csUnits Sync="TRUE">Linear Unit: Meter (1.000000)</csUnits><projcsn Sync="TRUE">NAD_1983_StatePlane_Washington_North_FIPS_4601</projcsn><peXml Sync="TRUE">&lt;ProjectedCoordinateSystem xsi:type='typens:ProjectedCoordinateSystem' xmlns:xsi='http://www.w3.org/2001/XMLSchema-instance' xmlns:xs='http://www.w3.org/2001/XMLSchema' xmlns:typens='http://www.esri.com/schemas/ArcGIS/10.3'&gt;&lt;WKT&gt;PROJCS[&amp;quot;NAD_1983_StatePlane_Washington_North_FIPS_4601&amp;quot;,GEOGCS[&amp;quot;GCS_North_American_1983&amp;quot;,DATUM[&amp;quot;D_North_American_1983&amp;quot;,SPHEROID[&amp;quot;GRS_1980&amp;quot;,6378137.0,298.257222101]],PRIMEM[&amp;quot;Greenwich&amp;quot;,0.0],UNIT[&amp;quot;Degree&amp;quot;,0.0174532925199433]],PROJECTION[&amp;quot;Lambert_Conformal_Conic&amp;quot;],PARAMETER[&amp;quot;False_Easting&amp;quot;,500000.0],PARAMETER[&amp;quot;False_Northing&amp;quot;,0.0],PARAMETER[&amp;quot;Central_Meridian&amp;quot;,-120.8333333333333],PARAMETER[&amp;quot;Standard_Parallel_1&amp;quot;,47.5],PARAMETER[&amp;quot;Standard_Parallel_2&amp;quot;,48.73333333333333],PARAMETER[&amp;quot;Latitude_Of_Origin&amp;quot;,47.0],UNIT[&amp;quot;Meter&amp;quot;,1.0],AUTHORITY[&amp;quot;EPSG&amp;quot;,32148]]&lt;/WKT&gt;&lt;XOrigin&gt;-35693500&lt;/XOrigin&gt;&lt;YOrigin&gt;-30339800&lt;/YOrigin&gt;&lt;XYScale&gt;124431172.0991475&lt;/XYScale&gt;&lt;ZOrigin&gt;-100000&lt;/ZOrigin&gt;&lt;ZScale&gt;10000&lt;/ZScale&gt;&lt;MOrigin&gt;-100000&lt;/MOrigin&gt;&lt;MScale&gt;10000&lt;/MScale&gt;&lt;XYTolerance&gt;0.001&lt;/XYTolerance&gt;&lt;ZTolerance&gt;0.001&lt;/ZTolerance&gt;&lt;MTolerance&gt;0.001&lt;/MTolerance&gt;&lt;HighPrecision&gt;true&lt;/HighPrecision&gt;&lt;WKID&gt;32148&lt;/WKID&gt;&lt;LatestWKID&gt;32148&lt;/LatestWKID&gt;&lt;/ProjectedCoordinateSystem&gt;</peXml></coordRef><lineage><Process ToolSource="c:\program files (x86)\arcgis\desktop10.3\ArcToolbox\Toolboxes\Analysis Tools.tbx\Clip" Date="20160915" Time="110741">Clip Flood_100yr_kingco kingco C:\Users\Carson\Desktop\SeattleReady\Processed\FLD\Final\Flood_100yr_kingco2.shp #</Process><Process ToolSource="c:\program files (x86)\arcgis\desktop10.3\ArcToolbox\Toolboxes\Analysis Tools.tbx\SymDiff" Date="20160915" Time="113342">SymDiff Flood_100yr_kingco UrbanFloodProneA_clipsymdif C:\Users\Carson\Desktop\SeattleReady\Processed\FLD\Flood.gdb\MostLike_flood\Flood_100yr_urbansymdiff ALL #</Process><Process ToolSource="c:\program files (x86)\arcgis\desktop10.3\ArcToolbox\Toolboxes\Data Management Tools.tbx\DeleteField" Date="20160915" Time="113458">DeleteField Flood_100yr_urbansymdiff FID_UrbanFloodProneA_clipsymdif;GIS_ID;General_Ar;Location_D;Safety__He;Storm_Size;Probable_C;Potential_;Status___N;O_M;Spot;Localized;Major;Informatio;Dept;Additional;Status;SHAPE_Leng</Process><Process ToolSource="c:\program files (x86)\arcgis\desktop10.3\ArcToolbox\Toolboxes\Data Management Tools.tbx\Merge" Date="20160915" Time="113548">Merge Flood_100yr_urbansymdiff;UrbanFloodProneA_clipsymdif C:\Users\Carson\Desktop\SeattleReady\Processed\FLD\Flood.gdb\MostLike_flood\Flood_100yr_withUrban_kingco "FID_Flood_100yr_kingco "FID_Flood_100yr_kingco" true true false 4 Long 0 0 ,First,#,Flood_100yr_urbansymdiff,FID_Flood_100yr_kingco,-1,-1;FEAT_TYPE "FEAT_TYPE" true true false 50 Text 0 0 ,First,#,Flood_100yr_urbansymdiff,FEAT_TYPE,-1,-1;lookup_val "lookup_val" true true false 2 Short 0 0 ,First,#,Flood_100yr_urbansymdiff,lookup_val,-1,-1;Shape_Length "Shape_Length" false true true 8 Double 0 0 ,First,#,Flood_100yr_urbansymdiff,Shape_Length,-1,-1;Shape_Area "Shape_Area" false true true 8 Double 0 0 ,First,#,Flood_100yr_urbansymdiff,Shape_Area,-1,-1,UrbanFloodProneA_clipsymdif,SHAPE_Area,-1,-1;GIS_ID "GIS_ID" true true false 19 Double 0 0 ,First,#,UrbanFloodProneA_clipsymdif,GIS_ID,-1,-1;General_Ar "General_Ar" true true false 254 Text 0 0 ,First,#,UrbanFloodProneA_clipsymdif,General_Ar,-1,-1;Location_D "Location_D" true true false 254 Text 0 0 ,First,#,UrbanFloodProneA_clipsymdif,Location_D,-1,-1;Safety__He "Safety__He" true true false 254 Text 0 0 ,First,#,UrbanFloodProneA_clipsymdif,Safety__He,-1,-1;Storm_Size "Storm_Size" true true false 254 Text 0 0 ,First,#,UrbanFloodProneA_clipsymdif,Storm_Size,-1,-1;Probable_C "Probable_C" true true false 254 Text 0 0 ,First,#,UrbanFloodProneA_clipsymdif,Probable_C,-1,-1;Potential_ "Potential_" true true false 254 Text 0 0 ,First,#,UrbanFloodProneA_clipsymdif,Potential_,-1,-1;Status___N "Status___N" true true false 254 Text 0 0 ,First,#,UrbanFloodProneA_clipsymdif,Status___N,-1,-1;O_M "O_M" true true false 254 Text 0 0 ,First,#,UrbanFloodProneA_clipsymdif,O_M,-1,-1;Spot "Spot" true true false 254 Text 0 0 ,First,#,UrbanFloodProneA_clipsymdif,Spot,-1,-1;Localized "Localized" true true false 254 Text 0 0 ,First,#,UrbanFloodProneA_clipsymdif,Localized,-1,-1;Major "Major" true true false 254 Text 0 0 ,First,#,UrbanFloodProneA_clipsymdif,Major,-1,-1;Informatio "Informatio" true true false 254 Text 0 0 ,First,#,UrbanFloodProneA_clipsymdif,Informatio,-1,-1;Dept "Dept" true true false 254 Text 0 0 ,First,#,UrbanFloodProneA_clipsymdif,Dept,-1,-1;Additional "Additional" true true false 200 Text 0 0 ,First,#,UrbanFloodProneA_clipsymdif,Additional,-1,-1;Status "Status" true true false 10 Text 0 0 ,First,#,UrbanFloodProneA_clipsymdif,Status,-1,-1;SHAPE_Leng "SHAPE_Leng" true true false 19 Double 0 0 ,First,#,UrbanFloodProneA_clipsymdif,SHAPE_Leng,-1,-1"</Process><Process ToolSource="c:\program files (x86)\arcgis\desktop10.3\ArcToolbox\Toolboxes\Data Management Tools.tbx\CalculateField" Date="20160915" Time="114224">CalculateField Flood_100yr_withUrban_kingco FEAT_TYPE "Urban Flooding" VB #</Process><Process ToolSource="c:\program files (x86)\arcgis\desktop10.3\ArcToolbox\Toolboxes\Data Management Tools.tbx\CalculateField" Date="20160915" Time="114251">CalculateField Flood_100yr_withUrban_kingco lookup_val 9 VB #</Process><Process ToolSource="c:\program files (x86)\arcgis\desktop10.3\ArcToolbox\Toolboxes\Data Management Tools.tbx\Dissolve" Date="20160915" Time="114520">Dissolve Flood_100yr_withUrban_kingco C:\Users\Carson\Desktop\SeattleReady\Processed\FLD\Flood.gdb\MostLike_flood\Flood_100yr_withUrban_kingco_simp FEAT_TYPE;lookup_val # MULTI_PART DISSOLVE_LINES</Process></lineage><copyHistory><copy source="C:\Users\Carson\Desktop\SeattleReady\Processed\FLD\Final\Flood_100yr_wUrban_kingco" dest="\\CARSONVM\C$\Users\Carson\Desktop\SeattleReady\Processed\Data_Snugget\9_24\Flood_100yr_wUrban_kingco" date="20160924" time="16033500"></copy></copyHistory></DataProperties><SyncDate>20160924</SyncDate><SyncTime>16034300</SyncTime><ModDate>20160924</ModDate><ModTime>16034300</ModTime><CreaDate>20160924</CreaDate><CreaTime>16033500</CreaTime><ArcGISFormat>1.0</ArcGISFormat><SyncOnce>FALSE</SyncOnce></Esri><distInfo><distFormat><formatName Sync="TRUE">Shapefile</formatName></distFormat><distTranOps><transSize Sync="TRUE">23.367</transSize></distTranOps></distInfo><mdHrLv><ScopeCd value="005" Sync="TRUE"></ScopeCd></mdHrLv><mdHrLvName Sync="TRUE">dataset</mdHrLvName><refSysInfo><RefSystem><refSysID><identCode code="32148" Sync="TRUE"></identCode><idCodeSpace Sync="TRUE">EPSG</idCodeSpace><idVersion Sync="TRUE">8.2.6</idVersion></refSysID></RefSystem></refSysInfo><spatRepInfo><VectSpatRep><geometObjs Name="Flood_100yr_wUrban_kingco"><geoObjTyp><GeoObjTypCd value="002" Sync="TRUE"></GeoObjTypCd></geoObjTyp><geoObjCnt Sync="TRUE">9</geoObjCnt></geometObjs><topLvl><TopoLevCd value="001" Sync="TRUE"></TopoLevCd></topLvl></VectSpatRep></spatRepInfo><mdDateSt Sync="TRUE">20160924</mdDateSt><mdChar><CharSetCd value="004" Sync="TRUE"></CharSetCd></mdChar></metadata>
